{
	"credit": "Made with Blockbench",
	"texture_size": [64, 64],
	"textures": {
		"4": "block/custom/alchemist",
		"particle": "block/custom/alchemist"
	},
	"elements": [
		{
			"from": [2, 0, 2],
			"to": [14, 2, 14],
			"faces": {
				"north": {"uv": [9, 1.5, 12, 2], "texture": "#4"},
				"east": {"uv": [9, 2, 12, 2.5], "texture": "#4"},
				"south": {"uv": [9, 6, 12, 6.5], "texture": "#4"},
				"west": {"uv": [9, 6.5, 12, 7], "texture": "#4"},
				"up": {"uv": [3, 3, 0, 0], "texture": "#4"},
				"down": {"uv": [3, 3, 0, 6], "texture": "#4"}
			}
		},
		{
			"from": [14, 2, 1],
			"to": [16, 4, 14],
			"faces": {
				"north": {"uv": [7.5, 3.5, 8, 4], "texture": "#4"},
				"east": {"uv": [8.5, 5.5, 11.75, 6], "texture": "#4"},
				"south": {"uv": [8, 3.5, 8.5, 4], "texture": "#4"},
				"west": {"uv": [9, 0, 12.25, 0.5], "texture": "#4"},
				"up": {"uv": [2.5, 12.25, 2, 9], "texture": "#4"},
				"down": {"uv": [3, 9, 2.5, 12.25], "texture": "#4"}
			}
		},
		{
			"from": [11, 2, 4],
			"to": [13, 10, 12],
			"faces": {
				"north": {"uv": [8.5, 10.5, 9, 12.5], "texture": "#4"},
				"east": {"uv": [5, 4, 7, 6], "texture": "#4"},
				"south": {"uv": [9, 10.5, 9.5, 12.5], "texture": "#4"},
				"west": {"uv": [0, 6, 2, 8], "texture": "#4"},
				"up": {"uv": [10, 12.5, 9.5, 10.5], "texture": "#4"},
				"down": {"uv": [10.5, 10.5, 10, 12.5], "texture": "#4"}
			}
		},
		{
			"from": [3, 2, 4],
			"to": [5, 10, 12],
			"faces": {
				"north": {"uv": [10.5, 10.5, 11, 12.5], "texture": "#4"},
				"east": {"uv": [2, 6, 4, 8], "texture": "#4"},
				"south": {"uv": [11, 3.5, 11.5, 5.5], "texture": "#4"},
				"west": {"uv": [4, 6, 6, 8], "texture": "#4"},
				"up": {"uv": [6.5, 13, 6, 11], "texture": "#4"},
				"down": {"uv": [7, 11, 6.5, 13], "texture": "#4"}
			}
		},
		{
			"from": [5, 2, 3],
			"to": [11, 10, 13],
			"faces": {
				"north": {"uv": [7, 4, 8.5, 6], "texture": "#4"},
				"east": {"uv": [5, 0, 7.5, 2], "texture": "#4"},
				"south": {"uv": [7.5, 6, 9, 8], "texture": "#4"},
				"west": {"uv": [5, 2, 7.5, 4], "texture": "#4"},
				"up": {"uv": [7.5, 8.5, 6, 6], "texture": "#4"},
				"down": {"uv": [9, 0, 7.5, 2.5], "texture": "#4"}
			}
		},
		{
			"from": [4, 10, 2],
			"to": [12, 14, 14],
			"faces": {
				"north": {"uv": [5.5, 8.5, 7.5, 9.5], "texture": "#4"},
				"east": {"uv": [7.5, 2.5, 10.5, 3.5], "texture": "#4"},
				"south": {"uv": [0, 9, 2, 10], "texture": "#4"},
				"west": {"uv": [0, 8, 3, 9], "texture": "#4"},
				"up": {"uv": [5, 3, 3, 0], "texture": "#4"},
				"down": {"uv": [5, 3, 3, 6], "texture": "#4"}
			}
		},
		{
			"from": [2, 10, 3],
			"to": [4, 14, 13],
			"faces": {
				"north": {"uv": [11, 12.25, 11.5, 13.25], "texture": "#4"},
				"east": {"uv": [8.5, 3.5, 11, 4.5], "texture": "#4"},
				"south": {"uv": [11.5, 12.25, 12, 13.25], "texture": "#4"},
				"west": {"uv": [8.5, 4.5, 11, 5.5], "texture": "#4"},
				"up": {"uv": [5.5, 13, 5, 10.5], "texture": "#4"},
				"down": {"uv": [6, 10.5, 5.5, 13], "texture": "#4"}
			}
		},
		{
			"from": [12, 10, 3],
			"to": [14, 14, 13],
			"faces": {
				"north": {"uv": [8, 11, 8.5, 12], "texture": "#4"},
				"east": {"uv": [3, 8, 5.5, 9], "texture": "#4"},
				"south": {"uv": [3.5, 12.25, 4, 13.25], "texture": "#4"},
				"west": {"uv": [7.5, 8, 10, 9], "texture": "#4"},
				"up": {"uv": [4.5, 13, 4, 10.5], "texture": "#4"},
				"down": {"uv": [5, 10.5, 4.5, 13], "texture": "#4"}
			}
		},
		{
			"from": [0, 2, 1],
			"to": [2, 4, 14],
			"faces": {
				"north": {"uv": [5.5, 8, 6, 8.5], "texture": "#4"},
				"east": {"uv": [9, 0.5, 12.25, 1], "texture": "#4"},
				"south": {"uv": [4, 9, 4.5, 9.5], "texture": "#4"},
				"west": {"uv": [9, 1, 12.25, 1.5], "texture": "#4"},
				"up": {"uv": [3.5, 12.25, 3, 9], "texture": "#4"},
				"down": {"uv": [4, 9, 3.5, 12.25], "texture": "#4"}
			}
		},
		{
			"from": [0, 4, 3],
			"to": [2, 5, 13],
			"faces": {
				"north": {"uv": [12, 11.25, 12.5, 11.5], "texture": "#4"},
				"east": {"uv": [10.5, 9, 13, 9.25], "texture": "#4"},
				"south": {"uv": [12, 13, 12.5, 13.25], "texture": "#4"},
				"west": {"uv": [10.5, 9.25, 13, 9.5], "texture": "#4"},
				"up": {"uv": [0.5, 12.5, 0, 10], "texture": "#4"},
				"down": {"uv": [1, 10, 0.5, 12.5], "texture": "#4"}
			}
		},
		{
			"from": [14, 4, 3],
			"to": [16, 5, 13],
			"faces": {
				"north": {"uv": [13.25, 1.5, 13.75, 1.75], "texture": "#4"},
				"east": {"uv": [11.5, 3.5, 14, 3.75], "texture": "#4"},
				"south": {"uv": [13.25, 1.75, 13.75, 2], "texture": "#4"},
				"west": {"uv": [11.5, 3.75, 14, 4], "texture": "#4"},
				"up": {"uv": [1.5, 12.5, 1, 10], "texture": "#4"},
				"down": {"uv": [2, 10, 1.5, 12.5], "texture": "#4"}
			}
		},
		{
			"from": [2, 2, 14],
			"to": [14, 4, 16],
			"faces": {
				"north": {"uv": [9, 7, 12, 7.5], "texture": "#4"},
				"east": {"uv": [4.5, 9, 5, 9.5], "texture": "#4"},
				"south": {"uv": [7.5, 9, 10.5, 9.5], "texture": "#4"},
				"west": {"uv": [5, 9, 5.5, 9.5], "texture": "#4"},
				"up": {"uv": [12, 8, 9, 7.5], "texture": "#4"},
				"down": {"uv": [7, 9.5, 4, 10], "texture": "#4"}
			}
		},
		{
			"from": [2, 1, 0],
			"to": [14, 3, 2],
			"faces": {
				"north": {"uv": [7, 9.5, 10, 10], "texture": "#4"},
				"east": {"uv": [1, 12.5, 1.5, 13], "texture": "#4"},
				"south": {"uv": [4, 10, 7, 10.5], "texture": "#4"},
				"west": {"uv": [1.5, 12.5, 2, 13], "texture": "#4"},
				"up": {"uv": [10, 10.5, 7, 10], "texture": "#4"},
				"down": {"uv": [13, 8, 10, 8.5], "texture": "#4"}
			}
		},
		{
			"from": [10, 4, 2.75],
			"to": [13, 7, 2.75],
			"faces": {
				"north": {"uv": [11.5, 4, 12.25, 4.75], "texture": "#4"},
				"east": {"uv": [0, 0, 0, 0.75], "texture": "#4"},
				"south": {"uv": [11.5, 4.75, 12.25, 5.5], "texture": "#4"},
				"west": {"uv": [0, 0, 0, 0.75], "texture": "#4"},
				"up": {"uv": [0.75, 0, 0, 0], "texture": "#4"},
				"down": {"uv": [0.75, 0, 0, 0], "texture": "#4"}
			}
		},
		{
			"from": [3, 4, 2.75],
			"to": [6, 7, 2.75],
			"faces": {
				"north": {"uv": [11, 11.5, 11.75, 12.25], "texture": "#4"},
				"east": {"uv": [0, 0, 0, 0.75], "texture": "#4"},
				"south": {"uv": [11.75, 11.5, 12.5, 12.25], "texture": "#4"},
				"west": {"uv": [0, 0, 0, 0.75], "texture": "#4"},
				"up": {"uv": [0.75, 0, 0, 0], "texture": "#4"},
				"down": {"uv": [0.75, 0, 0, 0], "texture": "#4"}
			}
		},
		{
			"from": [7, 4, 2.75],
			"to": [9, 6, 2.75],
			"faces": {
				"north": {"uv": [8.5, 12.5, 9, 13], "texture": "#4"},
				"east": {"uv": [0, 0, 0, 0.5], "texture": "#4"},
				"south": {"uv": [9, 12.5, 9.5, 13], "texture": "#4"},
				"west": {"uv": [0, 0, 0, 0.5], "texture": "#4"},
				"up": {"uv": [0.5, 0, 0, 0], "texture": "#4"},
				"down": {"uv": [0.5, 0, 0, 0], "texture": "#4"}
			}
		},
		{
			"from": [2.75, 4, 13.25],
			"to": [13.25, 6, 13.25],
			"faces": {
				"north": {"uv": [10, 10, 12.75, 10.5], "texture": "#4"},
				"east": {"uv": [0, 0, 0, 0.5], "texture": "#4"},
				"south": {"uv": [10.5, 2.5, 13.25, 3], "texture": "#4"},
				"west": {"uv": [0, 0, 0, 0.5], "texture": "#4"},
				"up": {"uv": [2.75, 0, 0, 0], "texture": "#4"},
				"down": {"uv": [2.75, 0, 0, 0], "texture": "#4"}
			}
		},
		{
			"from": [2.75, 4, 2.75],
			"to": [2.75, 6, 13.25],
			"faces": {
				"north": {"uv": [0, 0, 0, 0.5], "texture": "#4"},
				"east": {"uv": [10, 8.5, 12.75, 9], "texture": "#4"},
				"south": {"uv": [0, 0, 0, 0.5], "texture": "#4"},
				"west": {"uv": [10, 9.5, 12.75, 10], "texture": "#4"},
				"up": {"uv": [0, 2.75, 0, 0], "texture": "#4"},
				"down": {"uv": [0, 0, 0, 2.75], "texture": "#4"}
			}
		},
		{
			"from": [13.25, 4, 3],
			"to": [13.25, 6, 13.25],
			"faces": {
				"north": {"uv": [0, 0, 0, 0.5], "texture": "#4"},
				"east": {"uv": [10.5, 3, 13, 3.5], "texture": "#4"},
				"south": {"uv": [0, 0, 0, 0.5], "texture": "#4"},
				"west": {"uv": [6, 10.5, 8.5, 11], "texture": "#4"},
				"up": {"uv": [0, 2.5, 0, 0], "texture": "#4"},
				"down": {"uv": [0, 0, 0, 2.5], "texture": "#4"}
			}
		},
		{
			"from": [3, 7, 2],
			"to": [6, 8, 3],
			"faces": {
				"north": {"uv": [12, 2.25, 12.75, 2.5], "texture": "#4"},
				"east": {"uv": [13.25, 2.75, 13.5, 3], "texture": "#4"},
				"south": {"uv": [12.75, 8.5, 13.5, 8.75], "texture": "#4"},
				"west": {"uv": [4.5, 13.25, 4.75, 13.5], "texture": "#4"},
				"up": {"uv": [13.5, 9, 12.75, 8.75], "texture": "#4"},
				"down": {"uv": [13.5, 9.5, 12.75, 9.75], "texture": "#4"}
			}
		},
		{
			"from": [3, 3, 2],
			"to": [6, 4, 3],
			"faces": {
				"north": {"uv": [12.75, 9.75, 13.5, 10], "texture": "#4"},
				"east": {"uv": [13.25, 4.5, 13.5, 4.75], "texture": "#4"},
				"south": {"uv": [12.75, 10, 13.5, 10.25], "texture": "#4"},
				"west": {"uv": [13.25, 4.75, 13.5, 5], "texture": "#4"},
				"up": {"uv": [13.5, 10.5, 12.75, 10.25], "texture": "#4"},
				"down": {"uv": [13.5, 10.5, 12.75, 10.75], "texture": "#4"}
			}
		},
		{
			"from": [6, 4, 2],
			"to": [7, 7, 3],
			"faces": {
				"north": {"uv": [12.75, 10.75, 13, 11.5], "texture": "#4"},
				"east": {"uv": [12.75, 11.5, 13, 12.25], "texture": "#4"},
				"south": {"uv": [12.75, 12.25, 13, 13], "texture": "#4"},
				"west": {"uv": [13, 0, 13.25, 0.75], "texture": "#4"},
				"up": {"uv": [13.5, 5.25, 13.25, 5], "texture": "#4"},
				"down": {"uv": [13.5, 5.25, 13.25, 5.5], "texture": "#4"}
			}
		},
		{
			"from": [2, 4, 2],
			"to": [3, 7, 3],
			"faces": {
				"north": {"uv": [13, 0.75, 13.25, 1.5], "texture": "#4"},
				"east": {"uv": [1, 13, 1.25, 13.75], "texture": "#4"},
				"south": {"uv": [1.25, 13, 1.5, 13.75], "texture": "#4"},
				"west": {"uv": [1.5, 13, 1.75, 13.75], "texture": "#4"},
				"up": {"uv": [5.75, 13.5, 5.5, 13.25], "texture": "#4"},
				"down": {"uv": [13.5, 5.5, 13.25, 5.75], "texture": "#4"}
			}
		},
		{
			"from": [10, 7, 2],
			"to": [13, 8, 3],
			"faces": {
				"north": {"uv": [5.5, 13, 6.25, 13.25], "texture": "#4"},
				"east": {"uv": [6.5, 13.25, 6.75, 13.5], "texture": "#4"},
				"south": {"uv": [6.25, 13, 7, 13.25], "texture": "#4"},
				"west": {"uv": [13.25, 6.5, 13.5, 6.75], "texture": "#4"},
				"up": {"uv": [8.25, 13.25, 7.5, 13], "texture": "#4"},
				"down": {"uv": [13.75, 7.75, 13, 8], "texture": "#4"}
			}
		},
		{
			"from": [13, 4, 2],
			"to": [14, 7, 3],
			"faces": {
				"north": {"uv": [13, 4, 13.25, 4.75], "texture": "#4"},
				"east": {"uv": [4.75, 13, 5, 13.75], "texture": "#4"},
				"south": {"uv": [5, 13, 5.25, 13.75], "texture": "#4"},
				"west": {"uv": [5.25, 13, 5.5, 13.75], "texture": "#4"},
				"up": {"uv": [6.5, 13.5, 6.25, 13.25], "texture": "#4"},
				"down": {"uv": [13.5, 6.25, 13.25, 6.5], "texture": "#4"}
			}
		},
		{
			"from": [10, 3, 2],
			"to": [13, 4, 3],
			"faces": {
				"north": {"uv": [2.75, 13, 3.5, 13.25], "texture": "#4"},
				"east": {"uv": [6, 13.25, 6.25, 13.5], "texture": "#4"},
				"south": {"uv": [13, 3, 13.75, 3.25], "texture": "#4"},
				"west": {"uv": [13.25, 6, 13.5, 6.25], "texture": "#4"},
				"up": {"uv": [13.75, 3.5, 13, 3.25], "texture": "#4"},
				"down": {"uv": [4.75, 13, 4, 13.25], "texture": "#4"}
			}
		},
		{
			"from": [9, 4, 2],
			"to": [10, 7, 3],
			"faces": {
				"north": {"uv": [1.75, 13, 2, 13.75], "texture": "#4"},
				"east": {"uv": [2, 13, 2.25, 13.75], "texture": "#4"},
				"south": {"uv": [2.25, 13, 2.5, 13.75], "texture": "#4"},
				"west": {"uv": [2.5, 13, 2.75, 13.75], "texture": "#4"},
				"up": {"uv": [6, 13.5, 5.75, 13.25], "texture": "#4"},
				"down": {"uv": [13.5, 5.75, 13.25, 6], "texture": "#4"}
			}
		},
		{
			"from": [4, 14, 4.5],
			"to": [6, 15, 6.5],
			"faces": {
				"north": {"uv": [13.25, 2, 13.75, 2.25], "texture": "#4"},
				"east": {"uv": [13.25, 2.25, 13.75, 2.5], "texture": "#4"},
				"south": {"uv": [13.25, 2.5, 13.75, 2.75], "texture": "#4"},
				"west": {"uv": [2.75, 13.25, 3.25, 13.5], "texture": "#4"},
				"up": {"uv": [10, 13, 9.5, 12.5], "texture": "#4"},
				"down": {"uv": [10.5, 12.5, 10, 13], "texture": "#4"}
			}
		},
		{
			"from": [3.5, 15, 4],
			"to": [6.5, 16, 7],
			"faces": {
				"north": {"uv": [13, 8, 13.75, 8.25], "texture": "#4"},
				"east": {"uv": [8.25, 13, 9, 13.25], "texture": "#4"},
				"south": {"uv": [13, 8.25, 13.75, 8.5], "texture": "#4"},
				"west": {"uv": [9, 13, 9.75, 13.25], "texture": "#4"},
				"up": {"uv": [12.75, 2.25, 12, 1.5], "texture": "#4"},
				"down": {"uv": [12.75, 5.5, 12, 6.25], "texture": "#4"}
			}
		},
		{
			"from": [8.5, 16, 9.5],
			"to": [11.5, 17, 12.5],
			"faces": {
				"north": {"uv": [13, 12.75, 13.75, 13], "texture": "#4"},
				"east": {"uv": [0, 13.25, 0.75, 13.5], "texture": "#4"},
				"south": {"uv": [13.25, 0, 14, 0.25], "texture": "#4"},
				"west": {"uv": [13.25, 0.25, 14, 0.5], "texture": "#4"},
				"up": {"uv": [13, 1.5, 12.25, 0.75], "texture": "#4"},
				"down": {"uv": [2.75, 12.25, 2, 13], "texture": "#4"}
			}
		},
		{
			"from": [6.25, 17, 5.75],
			"to": [9.75, 18, 9.25],
			"faces": {
				"north": {"uv": [12, 7.75, 13, 8], "texture": "#4"},
				"east": {"uv": [12.75, 7.25, 13.75, 7.5], "texture": "#4"},
				"south": {"uv": [7.5, 12.75, 8.5, 13], "texture": "#4"},
				"west": {"uv": [12.75, 7.5, 13.75, 7.75], "texture": "#4"},
				"up": {"uv": [8, 12, 7, 11], "texture": "#4"},
				"down": {"uv": [12, 10.5, 11, 11.5], "texture": "#4"}
			}
		},
		{
			"from": [6.75, 18, 6.25],
			"to": [9.25, 19, 8.75],
			"faces": {
				"north": {"uv": [13, 9, 13.75, 9.25], "texture": "#4"},
				"east": {"uv": [13, 9.25, 13.75, 9.5], "texture": "#4"},
				"south": {"uv": [9.75, 13, 10.5, 13.25], "texture": "#4"},
				"west": {"uv": [13, 10.75, 13.75, 11], "texture": "#4"},
				"up": {"uv": [12.75, 7, 12, 6.25], "texture": "#4"},
				"down": {"uv": [7.75, 12, 7, 12.75], "texture": "#4"}
			}
		},
		{
			"from": [9.25, 16, 3],
			"to": [11.75, 17, 5.5],
			"faces": {
				"north": {"uv": [13, 11, 13.75, 11.25], "texture": "#4"},
				"east": {"uv": [13, 11.25, 13.75, 11.5], "texture": "#4"},
				"south": {"uv": [13, 11.5, 13.75, 11.75], "texture": "#4"},
				"west": {"uv": [13, 11.75, 13.75, 12], "texture": "#4"},
				"up": {"uv": [12.75, 7.75, 12, 7], "texture": "#4"},
				"down": {"uv": [8.5, 12, 7.75, 12.75], "texture": "#4"}
			}
		},
		{
			"from": [4.25, 16, 10],
			"to": [6.75, 17, 12.5],
			"faces": {
				"north": {"uv": [13, 12, 13.75, 12.25], "texture": "#4"},
				"east": {"uv": [13, 12.25, 13.75, 12.5], "texture": "#4"},
				"south": {"uv": [13, 12.5, 13.75, 12.75], "texture": "#4"},
				"west": {"uv": [12.75, 13, 13.5, 13.25], "texture": "#4"},
				"up": {"uv": [12.75, 11.25, 12, 10.5], "texture": "#4"},
				"down": {"uv": [13, 0, 12.25, 0.75], "texture": "#4"}
			}
		},
		{
			"from": [10.75, 18, 6],
			"to": [13.25, 19, 8.5],
			"faces": {
				"north": {"uv": [13.25, 0.5, 14, 0.75], "texture": "#4"},
				"east": {"uv": [13.25, 0.75, 14, 1], "texture": "#4"},
				"south": {"uv": [13.25, 1, 14, 1.25], "texture": "#4"},
				"west": {"uv": [13.25, 1.25, 14, 1.5], "texture": "#4"},
				"up": {"uv": [3.5, 13, 2.75, 12.25], "texture": "#4"},
				"down": {"uv": [13, 4, 12.25, 4.75], "texture": "#4"}
			}
		},
		{
			"from": [7, 14, 6.5],
			"to": [9, 17, 8.5],
			"faces": {
				"north": {"uv": [12.25, 4.75, 12.75, 5.5], "texture": "#4"},
				"east": {"uv": [12, 12.25, 12.5, 13], "texture": "#4"},
				"south": {"uv": [0, 12.5, 0.5, 13.25], "texture": "#4"},
				"west": {"uv": [0.5, 12.5, 1, 13.25], "texture": "#4"},
				"up": {"uv": [13.25, 7.25, 12.75, 6.75], "texture": "#4"},
				"down": {"uv": [7.5, 12.75, 7, 13.25], "texture": "#4"}
			}
		},
		{
			"from": [9, 14, 10],
			"to": [11, 16, 12],
			"faces": {
				"north": {"uv": [12.75, 1.5, 13.25, 2], "texture": "#4"},
				"east": {"uv": [12.75, 2, 13.25, 2.5], "texture": "#4"},
				"south": {"uv": [12.75, 4.75, 13.25, 5.25], "texture": "#4"},
				"west": {"uv": [12.75, 5.25, 13.25, 5.75], "texture": "#4"},
				"up": {"uv": [13.25, 6.25, 12.75, 5.75], "texture": "#4"},
				"down": {"uv": [13.25, 6.25, 12.75, 6.75], "texture": "#4"}
			}
		},
		{
			"from": [11.5, 14, 6.75],
			"to": [12.5, 18, 7.75],
			"faces": {
				"north": {"uv": [10.5, 12.5, 10.75, 13.5], "texture": "#4"},
				"east": {"uv": [10.75, 12.5, 11, 13.5], "texture": "#4"},
				"south": {"uv": [12.5, 11.25, 12.75, 12.25], "texture": "#4"},
				"west": {"uv": [12.5, 12.25, 12.75, 13.25], "texture": "#4"},
				"up": {"uv": [7, 13.5, 6.75, 13.25], "texture": "#4"},
				"down": {"uv": [13.5, 6.75, 13.25, 7], "texture": "#4"}
			}
		},
		{
			"from": [10, 14, 3.75],
			"to": [11, 16, 4.75],
			"faces": {
				"north": {"uv": [11.75, 5.5, 12, 6], "texture": "#4"},
				"east": {"uv": [0.75, 13.25, 1, 13.75], "texture": "#4"},
				"south": {"uv": [3.25, 13.25, 3.5, 13.75], "texture": "#4"},
				"west": {"uv": [3.5, 13.25, 3.75, 13.75], "texture": "#4"},
				"up": {"uv": [7.25, 13.5, 7, 13.25], "texture": "#4"},
				"down": {"uv": [13.5, 7, 13.25, 7.25], "texture": "#4"}
			}
		},
		{
			"from": [5, 14, 10.75],
			"to": [6, 16, 11.75],
			"faces": {
				"north": {"uv": [3.75, 13.25, 4, 13.75], "texture": "#4"},
				"east": {"uv": [4, 13.25, 4.25, 13.75], "texture": "#4"},
				"south": {"uv": [13.25, 4, 13.5, 4.5], "texture": "#4"},
				"west": {"uv": [4.25, 13.25, 4.5, 13.75], "texture": "#4"},
				"up": {"uv": [7.5, 13.5, 7.25, 13.25], "texture": "#4"},
				"down": {"uv": [7.75, 13.25, 7.5, 13.5], "texture": "#4"}
			}
		}
	],
	"display": {
		"head": {
			"translation": [0, 13.5, 0]
		}
	},
	"groups": [
		{
			"name": "hat",
			"origin": [8, 8, 8],
			"color": 0,
			"children": [0, 1, 2, 3, 4, 5, 6, 7, 8, 9, 10, 11, 12]
		},
		{
			"name": "goggles",
			"origin": [8, 8, 8],
			"color": 0,
			"children": [13, 14, 15, 16, 17, 18, 19, 20, 21, 22, 23, 24, 25, 26]
		},
		{
			"name": "shrooms",
			"origin": [8, 8, 8],
			"color": 0,
			"children": [27, 28, 29, 30, 31, 32, 33, 34, 35, 36, 37, 38, 39]
		}
	]
}