{
	"credit": "Made with Blockbench",
	"texture_size": [32, 32],
	"textures": {
		"0": "block/custom/archer",
		"particle": "block/custom/archer"
	},
	"elements": [
		{
			"from": [5, 0, 5],
			"to": [11, 1, 11],
			"faces": {
				"north": {"uv": [7, 3, 4, 0], "texture": "#0"},
				"east": {"uv": [7, 3, 4, 0], "texture": "#0"},
				"south": {"uv": [7, 3, 4, 0], "texture": "#0"},
				"west": {"uv": [7, 3, 4, 0], "texture": "#0"},
				"up": {"uv": [7, 3, 4, 0], "texture": "#0"},
				"down": {"uv": [7, 3, 4, 0], "texture": "#0"}
			}
		},
		{
			"from": [6, 0, 6],
			"to": [10, 4, 10],
			"faces": {
				"north": {"uv": [10, 10.5, 8, 8.5], "texture": "#0"},
				"east": {"uv": [10, 10.5, 8, 8.5], "texture": "#0"},
				"south": {"uv": [10, 10.5, 8, 8.5], "texture": "#0"},
				"west": {"uv": [10, 10.5, 8, 8.5], "texture": "#0"},
				"up": {"uv": [10, 10.5, 8, 8.5], "texture": "#0"},
				"down": {"uv": [10, 10.5, 8, 8.5], "texture": "#0"}
			}
		},
		{
			"from": [4, 7, 4],
			"to": [12, 10, 12],
			"faces": {
				"north": {"uv": [4, 4, 0, 0], "texture": "#0"},
				"east": {"uv": [4, 4, 0, 0], "texture": "#0"},
				"south": {"uv": [4, 4, 0, 0], "texture": "#0"},
				"west": {"uv": [4, 4, 0, 0], "texture": "#0"},
				"up": {"uv": [4, 4, 0, 0], "texture": "#0"},
				"down": {"uv": [4, 4, 0, 0], "texture": "#0"}
			}
		},
		{
			"from": [1, 5, 6],
			"to": [5, 7, 10],
			"faces": {
				"north": {"uv": [8, 11.5, 6, 9.5], "texture": "#0"},
				"east": {"uv": [8, 11.5, 6, 9.5], "texture": "#0"},
				"south": {"uv": [8, 11.5, 6, 9.5], "texture": "#0"},
				"west": {"uv": [8, 11.5, 6, 9.5], "texture": "#0"},
				"up": {"uv": [8, 11.5, 6, 9.5], "texture": "#0"},
				"down": {"uv": [8, 11.5, 6, 9.5], "texture": "#0"}
			}
		},
		{
			"from": [11, 5, 6],
			"to": [15, 7, 10],
			"faces": {
				"north": {"uv": [6, 9.5, 4, 7.5], "texture": "#0"},
				"east": {"uv": [6, 9.5, 4, 7.5], "texture": "#0"},
				"south": {"uv": [6, 9.5, 4, 7.5], "texture": "#0"},
				"west": {"uv": [6, 9.5, 4, 7.5], "texture": "#0"},
				"up": {"uv": [6, 9.5, 4, 7.5], "texture": "#0"},
				"down": {"uv": [6, 9.5, 4, 7.5], "texture": "#0"}
			}
		},
		{
			"from": [6, 5, 1],
			"to": [10, 7, 5],
			"faces": {
				"north": {"uv": [4, 12, 2, 10], "texture": "#0"},
				"east": {"uv": [4, 12, 2, 10], "texture": "#0"},
				"south": {"uv": [4, 12, 2, 10], "texture": "#0"},
				"west": {"uv": [4, 12, 2, 10], "texture": "#0"},
				"up": {"uv": [4, 12, 2, 10], "texture": "#0"},
				"down": {"uv": [4, 12, 2, 10], "texture": "#0"}
			}
		},
		{
			"from": [6, 5, 11],
			"to": [10, 7, 15],
			"faces": {
				"north": {"uv": [12, 8.5, 10, 6.5], "texture": "#0"},
				"east": {"uv": [12, 8.5, 10, 6.5], "texture": "#0"},
				"south": {"uv": [12, 8.5, 10, 6.5], "texture": "#0"},
				"west": {"uv": [12, 8.5, 10, 6.5], "texture": "#0"},
				"up": {"uv": [12, 8.5, 10, 6.5], "texture": "#0"},
				"down": {"uv": [12, 8.5, 10, 6.5], "texture": "#0"}
			}
		},
		{
			"from": [7, 7, 12],
			"to": [9, 8, 14],
			"faces": {
				"north": {"uv": [15, 13, 14, 12], "texture": "#0"},
				"east": {"uv": [15, 13, 14, 12], "texture": "#0"},
				"south": {"uv": [15, 13, 14, 12], "texture": "#0"},
				"west": {"uv": [15, 13, 14, 12], "texture": "#0"},
				"up": {"uv": [15, 13, 14, 12], "texture": "#0"},
				"down": {"uv": [15, 13, 14, 12], "texture": "#0"}
			}
		},
		{
			"from": [12, 7, 7],
			"to": [14, 8, 9],
			"faces": {
				"north": {"uv": [15, 14, 14, 13], "texture": "#0"},
				"east": {"uv": [15, 14, 14, 13], "texture": "#0"},
				"south": {"uv": [15, 14, 14, 13], "texture": "#0"},
				"west": {"uv": [15, 14, 14, 13], "texture": "#0"},
				"up": {"uv": [15, 14, 14, 13], "texture": "#0"},
				"down": {"uv": [15, 14, 14, 13], "texture": "#0"}
			}
		},
		{
			"from": [7, 7, 2],
			"to": [9, 8, 4],
			"faces": {
				"north": {"uv": [5, 15.5, 4, 14.5], "texture": "#0"},
				"east": {"uv": [5, 15.5, 4, 14.5], "texture": "#0"},
				"south": {"uv": [5, 15.5, 4, 14.5], "texture": "#0"},
				"west": {"uv": [5, 15.5, 4, 14.5], "texture": "#0"},
				"up": {"uv": [5, 15.5, 4, 14.5], "texture": "#0"},
				"down": {"uv": [5, 15.5, 4, 14.5], "texture": "#0"}
			}
		},
		{
			"from": [2, 7, 7],
			"to": [4, 8, 9],
			"faces": {
				"north": {"uv": [7, 15.5, 6, 14.5], "texture": "#0"},
				"east": {"uv": [7, 15.5, 6, 14.5], "texture": "#0"},
				"south": {"uv": [7, 15.5, 6, 14.5], "texture": "#0"},
				"west": {"uv": [7, 15.5, 6, 14.5], "texture": "#0"},
				"up": {"uv": [7, 15.5, 6, 14.5], "texture": "#0"},
				"down": {"uv": [7, 15.5, 6, 14.5], "texture": "#0"}
			}
		},
		{
			"from": [12, 3, 7],
			"to": [14, 5, 9],
			"faces": {
				"north": {"uv": [11, 13.5, 10, 12.5], "texture": "#0"},
				"east": {"uv": [11, 13.5, 10, 12.5], "texture": "#0"},
				"south": {"uv": [11, 13.5, 10, 12.5], "texture": "#0"},
				"west": {"uv": [11, 13.5, 10, 12.5], "texture": "#0"},
				"up": {"uv": [11, 13.5, 10, 12.5], "texture": "#0"},
				"down": {"uv": [11, 13.5, 10, 12.5], "texture": "#0"}
			}
		},
		{
			"from": [10, 2, 7],
			"to": [12, 4, 9],
			"faces": {
				"north": {"uv": [5, 13.5, 4, 12.5], "texture": "#0"},
				"east": {"uv": [5, 13.5, 4, 12.5], "texture": "#0"},
				"south": {"uv": [5, 13.5, 4, 12.5], "texture": "#0"},
				"west": {"uv": [5, 13.5, 4, 12.5], "texture": "#0"},
				"up": {"uv": [5, 13.5, 4, 12.5], "texture": "#0"},
				"down": {"uv": [5, 13.5, 4, 12.5], "texture": "#0"}
			}
		},
		{
			"from": [7, 2, 10],
			"to": [9, 4, 12],
			"faces": {
				"north": {"uv": [15, 4, 14, 3], "texture": "#0"},
				"east": {"uv": [15, 4, 14, 3], "texture": "#0"},
				"south": {"uv": [15, 4, 14, 3], "texture": "#0"},
				"west": {"uv": [15, 4, 14, 3], "texture": "#0"},
				"up": {"uv": [15, 4, 14, 3], "texture": "#0"},
				"down": {"uv": [15, 4, 14, 3], "texture": "#0"}
			}
		},
		{
			"from": [7, 3, 12],
			"to": [9, 5, 14],
			"faces": {
				"north": {"uv": [15, 12, 14, 11], "texture": "#0"},
				"east": {"uv": [15, 12, 14, 11], "texture": "#0"},
				"south": {"uv": [15, 12, 14, 11], "texture": "#0"},
				"west": {"uv": [15, 12, 14, 11], "texture": "#0"},
				"up": {"uv": [15, 12, 14, 11], "texture": "#0"},
				"down": {"uv": [15, 12, 14, 11], "texture": "#0"}
			}
		},
		{
			"from": [4, 2, 7],
			"to": [6, 4, 9],
			"faces": {
				"north": {"uv": [13, 14, 12, 13], "texture": "#0"},
				"east": {"uv": [13, 14, 12, 13], "texture": "#0"},
				"south": {"uv": [13, 14, 12, 13], "texture": "#0"},
				"west": {"uv": [13, 14, 12, 13], "texture": "#0"},
				"up": {"uv": [13, 14, 12, 13], "texture": "#0"},
				"down": {"uv": [13, 14, 12, 13], "texture": "#0"}
			}
		},
		{
			"from": [2, 3, 7],
			"to": [4, 5, 9],
			"faces": {
				"north": {"uv": [3, 14, 2, 13], "texture": "#0"},
				"east": {"uv": [3, 14, 2, 13], "texture": "#0"},
				"south": {"uv": [3, 14, 2, 13], "texture": "#0"},
				"west": {"uv": [3, 14, 2, 13], "texture": "#0"},
				"up": {"uv": [3, 14, 2, 13], "texture": "#0"},
				"down": {"uv": [3, 14, 2, 13], "texture": "#0"}
			}
		},
		{
			"from": [7, 2, 4],
			"to": [9, 4, 6],
			"faces": {
				"north": {"uv": [15, 1, 14, 0], "texture": "#0"},
				"east": {"uv": [15, 1, 14, 0], "texture": "#0"},
				"south": {"uv": [15, 1, 14, 0], "texture": "#0"},
				"west": {"uv": [15, 1, 14, 0], "texture": "#0"},
				"up": {"uv": [15, 1, 14, 0], "texture": "#0"},
				"down": {"uv": [15, 1, 14, 0], "texture": "#0"}
			}
		},
		{
			"from": [7, 3, 2],
			"to": [9, 5, 4],
			"faces": {
				"north": {"uv": [8, 14.5, 7, 13.5], "texture": "#0"},
				"east": {"uv": [8, 14.5, 7, 13.5], "texture": "#0"},
				"south": {"uv": [8, 14.5, 7, 13.5], "texture": "#0"},
				"west": {"uv": [8, 14.5, 7, 13.5], "texture": "#0"},
				"up": {"uv": [8, 14.5, 7, 13.5], "texture": "#0"},
				"down": {"uv": [8, 14.5, 7, 13.5], "texture": "#0"}
			}
		}
	],
	"display": {
		"ground": {
			"translation": [0, -0.5, 0],
			"scale": [0.5, 0.5, 0.5]
		},
		"gui": {
			"rotation": [20, -33, 0],
			"translation": [0, 2.25, 0]
		},
		"head": {
			"translation": [0, 18.25, 0],
			"scale": [1.5, 1.5, 1.5]
		},
		"fixed": {
			"translation": [0, 4, -4]
		}
	},
	"groups": [
		0,
		1,
		2,
		3,
		4,
		5,
		6,
		7,
		8,
		9,
		10,
		{
			"name": "group",
			"origin": [0, 0, 0],
			"color": 0,
			"children": [11, 12, 13, 14, 15, 16, 17, 18]
		}
	]
}