{
	"credit": "Made with Blockbench",
	"texture_size": [64, 64],
	"textures": {
		"1": "eclipse",
		"particle": "eclipse"
	},
	"elements": [
		{
			"from": [2.3, 0, 2],
			"to": [13.7, 6.8, 4],
			"rotation": {"angle": 0, "axis": "y", "origin": [8, 3.4, 3]},
			"faces": {
				"north": {"uv": [0, 0, 2.75, 1.75], "texture": "#1"},
				"east": {"uv": [2, 6.25, 2.5, 8], "texture": "#1"},
				"south": {"uv": [0, 1.75, 2.75, 3.5], "texture": "#1"},
				"west": {"uv": [0, 7.25, 0.5, 9], "texture": "#1"},
				"up": {"uv": [2.75, 6.25, 0, 5.75], "texture": "#1"},
				"down": {"uv": [8.75, 3.5, 6, 4], "texture": "#1"}
			}
		},
		{
			"from": [2.3, 0, 12],
			"to": [13.7, 7, 13.1],
			"faces": {
				"north": {"uv": [2.75, 0, 5.5, 1.75], "texture": "#1"},
				"east": {"uv": [3.5, 7.75, 3.75, 9.5], "texture": "#1"},
				"south": {"uv": [2.75, 1.75, 5.5, 3.5], "texture": "#1"},
				"west": {"uv": [2, 8, 2.25, 9.75], "texture": "#1"},
				"up": {"uv": [10.25, 3.5, 7.5, 3.25], "texture": "#1"},
				"down": {"uv": [10.25, 4, 7.5, 4.25], "texture": "#1"}
			}
		},
		{
			"from": [2, 0, 4],
			"to": [4, 7, 12],
			"faces": {
				"north": {"uv": [0.5, 7.25, 1, 9], "texture": "#1"},
				"east": {"uv": [4, 3.5, 6, 5.25], "texture": "#1"},
				"south": {"uv": [1, 7.25, 1.5, 9], "texture": "#1"},
				"west": {"uv": [4, 5.25, 6, 7], "texture": "#1"},
				"up": {"uv": [3.25, 7.75, 2.75, 5.75], "texture": "#1"},
				"down": {"uv": [3.75, 5.75, 3.25, 7.75], "texture": "#1"}
			}
		},
		{
			"from": [12, 0, 4],
			"to": [14, 7, 12],
			"faces": {
				"north": {"uv": [1.5, 7.25, 2, 9], "texture": "#1"},
				"east": {"uv": [5.5, 0, 7.5, 1.75], "texture": "#1"},
				"south": {"uv": [7.5, 0, 8, 1.75], "texture": "#1"},
				"west": {"uv": [5.5, 1.75, 7.5, 3.5], "texture": "#1"},
				"up": {"uv": [6.5, 6, 6, 4], "texture": "#1"},
				"down": {"uv": [6.5, 6, 6, 8], "texture": "#1"}
			}
		},
		{
			"from": [4, 6, 3.5],
			"to": [12, 7.4, 12],
			"faces": {
				"north": {"uv": [7.5, 4.75, 9.5, 5], "texture": "#1"},
				"east": {"uv": [7.5, 4.25, 9.75, 4.5], "texture": "#1"},
				"south": {"uv": [7.5, 5, 9.5, 5.25], "texture": "#1"},
				"west": {"uv": [7.5, 4.5, 9.75, 4.75], "texture": "#1"},
				"up": {"uv": [2, 5.75, 0, 3.5], "texture": "#1"},
				"down": {"uv": [4, 3.5, 2, 5.75], "texture": "#1"}
			}
		},
		{
			"from": [1, 7, 1.5],
			"to": [15, 9, 14],
			"color": 0,
			"faces": {
				"north": {"uv": [0, 0, 3.5, 0.5], "texture": "#missing"},
				"east": {"uv": [0, 0, 3.125, 0.5], "texture": "#missing"},
				"south": {"uv": [0, 0, 3.5, 0.5], "texture": "#missing"},
				"west": {"uv": [0, 0, 3.125, 0.5], "texture": "#missing"},
				"up": {"uv": [0, 0, 3.5, 3.125], "texture": "#missing"},
				"down": {"uv": [0, 0, 3.5, 3.125], "texture": "#missing"}
			}
		},
		{
			"from": [2, 8, 1.9],
			"to": [14, 10, 13.4],
			"rotation": {"angle": 0, "axis": "y", "origin": [8, 9, 7.75]},
			"color": 0,
			"faces": {
				"north": {"uv": [0, 0, 3, 0.5], "texture": "#missing"},
				"east": {"uv": [0, 0, 2.875, 0.5], "texture": "#missing"},
				"south": {"uv": [0, 0, 3, 0.5], "texture": "#missing"},
				"west": {"uv": [0, 0, 2.875, 0.5], "texture": "#missing"},
				"up": {"uv": [0, 0, 3, 2.875], "texture": "#missing"},
				"down": {"uv": [0, 0, 3, 2.875], "texture": "#missing"}
			}
		},
		{
			"from": [10.4, 3.5, 1.6],
			"to": [11.4, 6.2, 2.4],
			"rotation": {"angle": -45, "axis": "z", "origin": [10, 4.8, 2]},
			"faces": {
				"north": {"uv": [6.5, 4, 7.5, 5], "texture": "#1"},
				"east": {"uv": [2.5, 7.75, 3, 8.75], "texture": "#1"},
				"south": {"uv": [6.5, 5, 7.5, 6], "texture": "#1"},
				"west": {"uv": [3, 7.75, 3.5, 8.75], "texture": "#1"},
				"up": {"uv": [9, 0.5, 8, 0], "texture": "#1"},
				"down": {"uv": [9, 0.5, 8, 1], "texture": "#1"}
			}
		},
		{
			"from": [9.7, 3.5, 1.6],
			"to": [11.4, 4.5, 2.4],
			"rotation": {"angle": -45, "axis": "z", "origin": [10, 4.8, 2]},
			"faces": {
				"north": {"uv": [6.5, 4, 7.5, 5], "rotation": 270, "texture": "#1"},
				"east": {"uv": [9, 0.5, 8, 0], "rotation": 90, "texture": "#1"},
				"south": {"uv": [6.5, 5, 7.5, 6], "rotation": 90, "texture": "#1"},
				"west": {"uv": [9, 0.5, 8, 1], "rotation": 90, "texture": "#1"},
				"up": {"uv": [3, 7.75, 3.5, 8.75], "rotation": 90, "texture": "#1"},
				"down": {"uv": [2.5, 7.75, 3, 8.75], "rotation": 90, "texture": "#1"}
			}
		},
		{
			"from": [8.81306, 4.17697, 1.6],
			"to": [9.31306, 4.62697, 2.4],
			"rotation": {"angle": 22.5, "axis": "z", "origin": [9.06306, 4.25197, 2]},
			"faces": {
				"north": {"uv": [6.5, 4, 7.5, 5], "rotation": 270, "texture": "#1"},
				"east": {"uv": [9, 0.5, 8, 0], "rotation": 90, "texture": "#1"},
				"south": {"uv": [6.5, 5, 7.5, 6], "rotation": 90, "texture": "#1"},
				"west": {"uv": [9, 0.5, 8, 1], "rotation": 90, "texture": "#1"},
				"up": {"uv": [3, 7.75, 3.5, 8.75], "rotation": 90, "texture": "#1"},
				"down": {"uv": [2.5, 7.75, 3, 8.75], "rotation": 90, "texture": "#1"}
			}
		},
		{
			"from": [9.3, 4.1, 1.6],
			"to": [12.15, 5.1, 2.4],
			"rotation": {"angle": 22.5, "axis": "z", "origin": [10.35, 4, 2]},
			"faces": {
				"north": {"uv": [6.5, 4, 7.5, 5], "rotation": 270, "texture": "#1"},
				"east": {"uv": [9, 0.5, 8, 0], "rotation": 90, "texture": "#1"},
				"south": {"uv": [6.5, 5, 7.5, 6], "rotation": 90, "texture": "#1"},
				"west": {"uv": [9, 0.5, 8, 1], "rotation": 90, "texture": "#1"},
				"up": {"uv": [3, 7.75, 3.5, 8.75], "rotation": 90, "texture": "#1"},
				"down": {"uv": [2.5, 7.75, 3, 8.75], "rotation": 90, "texture": "#1"}
			}
		},
		{
			"from": [3.95103, 3.13119, 1.6],
			"to": [6.65103, 4.13119, 2.4],
			"rotation": {"angle": -45, "axis": "z", "origin": [5.8387, 4.27162, 2]},
			"faces": {
				"north": {"uv": [6.5, 5, 7.5, 6], "rotation": 90, "texture": "#1"},
				"east": {"uv": [9, 0.5, 8, 1], "rotation": 90, "texture": "#1"},
				"south": {"uv": [6.5, 4, 7.5, 5], "rotation": 270, "texture": "#1"},
				"west": {"uv": [9, 0.5, 8, 0], "rotation": 90, "texture": "#1"},
				"up": {"uv": [3, 7.75, 3.5, 8.75], "rotation": 270, "texture": "#1"},
				"down": {"uv": [2.5, 7.75, 3, 8.75], "rotation": 270, "texture": "#1"}
			}
		},
		{
			"from": [5.65103, 3.13119, 1.6],
			"to": [6.65103, 4.83119, 2.4],
			"rotation": {"angle": -45, "axis": "z", "origin": [5.8387, 4.27162, 2]},
			"faces": {
				"north": {"uv": [6.5, 5, 7.5, 6], "rotation": 180, "texture": "#1"},
				"east": {"uv": [2.5, 7.75, 3, 8.75], "rotation": 180, "texture": "#1"},
				"south": {"uv": [6.5, 4, 7.5, 5], "rotation": 180, "texture": "#1"},
				"west": {"uv": [3, 7.75, 3.5, 8.75], "rotation": 180, "texture": "#1"},
				"up": {"uv": [9, 0.5, 8, 1], "texture": "#1"},
				"down": {"uv": [9, 0.5, 8, 0], "texture": "#1"}
			}
		},
		{
			"from": [6.31283, 4.47529, 1.6],
			"to": [6.81283, 4.92529, 2.4],
			"rotation": {"angle": -22.5, "axis": "z", "origin": [5.8387, 4.27162, 2]},
			"faces": {
				"north": {"uv": [6.5, 5, 7.5, 6], "rotation": 90, "texture": "#1"},
				"east": {"uv": [9, 0.5, 8, 1], "rotation": 90, "texture": "#1"},
				"south": {"uv": [6.5, 4, 7.5, 5], "rotation": 270, "texture": "#1"},
				"west": {"uv": [9, 0.5, 8, 0], "rotation": 90, "texture": "#1"},
				"up": {"uv": [3, 7.75, 3.5, 8.75], "rotation": 270, "texture": "#1"},
				"down": {"uv": [2.5, 7.75, 3, 8.75], "rotation": 270, "texture": "#1"}
			}
		},
		{
			"from": [3.67027, 3.92501, 1.6],
			"to": [6.52027, 4.92501, 2.4],
			"rotation": {"angle": -22.5, "axis": "z", "origin": [5.8387, 4.27162, 2]},
			"faces": {
				"north": {"uv": [6.5, 5, 7.5, 6], "rotation": 90, "texture": "#1"},
				"east": {"uv": [9, 0.5, 8, 1], "rotation": 90, "texture": "#1"},
				"south": {"uv": [6.5, 4, 7.5, 5], "rotation": 270, "texture": "#1"},
				"west": {"uv": [9, 0.5, 8, 0], "rotation": 90, "texture": "#1"},
				"up": {"uv": [3, 7.75, 3.5, 8.75], "rotation": 270, "texture": "#1"},
				"down": {"uv": [2.5, 7.75, 3, 8.75], "rotation": 270, "texture": "#1"}
			}
		}
	],
	"display": {
		"thirdperson_righthand": {
			"translation": [0, 0, -3],
			"scale": [0.5, 0.5, 0.5]
		},
		"thirdperson_lefthand": {
			"translation": [0, 0, -3],
			"scale": [0.5, 0.5, 0.5]
		},
		"firstperson_righthand": {
			"translation": [0, 2.75, 0],
			"scale": [0.5, 0.5, 0.5]
		},
		"firstperson_lefthand": {
			"translation": [0, 2.75, 0],
			"scale": [0.5, 0.5, 0.5]
		},
		"ground": {
			"scale": [0.5, 0.5, 0.5]
		},
		"gui": {
			"rotation": [14, 157, 0],
			"translation": [0, 4, 0]
		},
		"head": {
			"rotation": [0, -10, 0],
			"translation": [0, 14.5, 0]
		},
		"fixed": {
			"translation": [0, 7, 6],
			"scale": [1.5, 1.5, 1.5]
		}
	},
	"groups": [
		{
			"name": "base",
			"origin": [0, 0, 0],
			"color": 3,
			"children": [
				0,
				1,
				2,
				3,
				4,
				{
					"name": "hair",
					"origin": [0, 0, 0],
					"color": 0,
					"children": [5, 6]
				}
			]
		},
		{
			"name": "eyes",
			"origin": [8, 8, 8],
			"color": 9,
			"children": [
				{
					"name": "eye",
					"origin": [11.35, 4, 2],
					"color": 1,
					"children": [7, 8, 9, 10]
				},
				{
					"name": "eye",
					"origin": [11.35, 4, 2],
					"color": 1,
					"children": [11, 12, 13, 14]
				}
			]
		}
	]
}