{
	"credit": "Made with Blockbench",
	"texture_size": [64, 64],
	"textures": {
		"1": "block/custom/pyorohat",
		"particle": "block/custom/pyorohat"
	},
	"elements": [
		{
			"from": [2.3, 0, 2],
			"to": [13.7, 6.8, 4],
			"rotation": {"angle": 0, "axis": "y", "origin": [8, 3.4, 3]},
			"faces": {
				"north": {"uv": [0, 0, 2.75, 1.75], "texture": "#1"},
				"east": {"uv": [2, 6.25, 2.5, 8], "texture": "#1"},
				"south": {"uv": [0, 1.75, 2.75, 3.5], "texture": "#1"},
				"west": {"uv": [0, 7.25, 0.5, 9], "texture": "#1"},
				"up": {"uv": [2.75, 6.25, 0, 5.75], "texture": "#1"},
				"down": {"uv": [8.75, 3.5, 6, 4], "texture": "#1"}
			}
		},
		{
			"from": [2.3, 0, 12],
			"to": [13.7, 7, 13.1],
			"faces": {
				"north": {"uv": [2.75, 0, 5.5, 1.75], "texture": "#1"},
				"east": {"uv": [3.5, 7.75, 3.75, 9.5], "texture": "#1"},
				"south": {"uv": [2.75, 1.75, 5.5, 3.5], "texture": "#1"},
				"west": {"uv": [2, 8, 2.25, 9.75], "texture": "#1"},
				"up": {"uv": [10.25, 3.5, 7.5, 3.25], "texture": "#1"},
				"down": {"uv": [10.25, 4, 7.5, 4.25], "texture": "#1"}
			}
		},
		{
			"from": [2, 0, 4],
			"to": [4, 7, 12],
			"faces": {
				"north": {"uv": [0.5, 7.25, 1, 9], "texture": "#1"},
				"east": {"uv": [4, 3.5, 6, 5.25], "texture": "#1"},
				"south": {"uv": [1, 7.25, 1.5, 9], "texture": "#1"},
				"west": {"uv": [4, 5.25, 6, 7], "texture": "#1"},
				"up": {"uv": [3.25, 7.75, 2.75, 5.75], "texture": "#1"},
				"down": {"uv": [3.75, 5.75, 3.25, 7.75], "texture": "#1"}
			}
		},
		{
			"from": [12, 0, 4],
			"to": [14, 7, 12],
			"faces": {
				"north": {"uv": [1.5, 7.25, 2, 9], "texture": "#1"},
				"east": {"uv": [5.5, 0, 7.5, 1.75], "texture": "#1"},
				"south": {"uv": [7.5, 0, 8, 1.75], "texture": "#1"},
				"west": {"uv": [5.5, 1.75, 7.5, 3.5], "texture": "#1"},
				"up": {"uv": [6.5, 6, 6, 4], "texture": "#1"},
				"down": {"uv": [6.5, 6, 6, 8], "texture": "#1"}
			}
		},
		{
			"from": [4, 6, 3.5],
			"to": [12, 7.4, 12],
			"faces": {
				"north": {"uv": [7.5, 4.75, 9.5, 5], "texture": "#1"},
				"east": {"uv": [7.5, 4.25, 9.75, 4.5], "texture": "#1"},
				"south": {"uv": [7.5, 5, 9.5, 5.25], "texture": "#1"},
				"west": {"uv": [7.5, 4.5, 9.75, 4.75], "texture": "#1"},
				"up": {"uv": [2, 5.75, 0, 3.5], "texture": "#1"},
				"down": {"uv": [4, 3.5, 2, 5.75], "texture": "#1"}
			}
		},
		{
			"from": [3, 4, 1],
			"to": [7, 8, 3],
			"faces": {
				"north": {"uv": [0, 6.25, 1, 7.25], "texture": "#1"},
				"east": {"uv": [5.5, 7.5, 6, 8.5], "texture": "#1"},
				"south": {"uv": [1, 6.25, 2, 7.25], "texture": "#1"},
				"west": {"uv": [6.5, 7.5, 7, 8.5], "texture": "#1"},
				"up": {"uv": [8.5, 5.75, 7.5, 5.25], "texture": "#1"},
				"down": {"uv": [8, 7.5, 7, 8], "texture": "#1"}
			}
		},
		{
			"from": [5, 6, 0.5],
			"to": [6.5, 7.5, 1],
			"faces": {
				"north": {"uv": [6, 8, 6.5, 8.5], "texture": "#1"},
				"east": {"uv": [3.75, 5.75, 4, 6.25], "texture": "#1"},
				"south": {"uv": [3.75, 8.25, 4.25, 8.75], "texture": "#1"},
				"west": {"uv": [2.5, 6.25, 2.75, 6.75], "texture": "#1"},
				"up": {"uv": [8.5, 8.5, 8, 8.25], "texture": "#1"},
				"down": {"uv": [5.75, 8.5, 5.25, 8.75], "texture": "#1"}
			}
		},
		{
			"from": [11, 6, 0.5],
			"to": [12.5, 7.5, 1],
			"faces": {
				"north": {"uv": [4.25, 8.25, 4.75, 8.75], "texture": "#1"},
				"east": {"uv": [3.75, 6.25, 4, 6.75], "texture": "#1"},
				"south": {"uv": [4.75, 8.25, 5.25, 8.75], "texture": "#1"},
				"west": {"uv": [2.5, 6.75, 2.75, 7.25], "texture": "#1"},
				"up": {"uv": [9, 5.5, 8.5, 5.25], "texture": "#1"},
				"down": {"uv": [9, 5.5, 8.5, 5.75], "texture": "#1"}
			}
		},
		{
			"from": [9, 4, 1],
			"to": [13, 8, 3],
			"faces": {
				"north": {"uv": [6.5, 4, 7.5, 5], "texture": "#1"},
				"east": {"uv": [2.5, 7.75, 3, 8.75], "texture": "#1"},
				"south": {"uv": [6.5, 5, 7.5, 6], "texture": "#1"},
				"west": {"uv": [3, 7.75, 3.5, 8.75], "texture": "#1"},
				"up": {"uv": [9, 0.5, 8, 0], "texture": "#1"},
				"down": {"uv": [9, 0.5, 8, 1], "texture": "#1"}
			}
		},
		{
			"from": [4, 1, 0],
			"to": [12, 3, 2],
			"rotation": {"angle": 0, "axis": "y", "origin": [10.5, 1, 1]},
			"faces": {
				"north": {"uv": [6.5, 6, 8.5, 6.5], "texture": "#1"},
				"east": {"uv": [7, 8.25, 7.5, 8.75], "texture": "#1"},
				"south": {"uv": [6.5, 6.5, 8.5, 7], "texture": "#1"},
				"west": {"uv": [7.5, 8.25, 8, 8.75], "texture": "#1"},
				"up": {"uv": [5.75, 7.5, 3.75, 7], "texture": "#1"},
				"down": {"uv": [8.5, 7, 6.5, 7.5], "texture": "#1"}
			}
		},
		{
			"from": [4.3, 1.4, -0.9],
			"to": [11.7, 2.8, 0],
			"rotation": {"angle": 0, "axis": "y", "origin": [10.5, 1, 1]},
			"faces": {
				"north": {"uv": [7.5, 5.75, 9.25, 6], "texture": "#1"},
				"east": {"uv": [3.75, 6.75, 4, 7], "texture": "#1"},
				"south": {"uv": [8, 1, 9.75, 1.25], "texture": "#1"},
				"west": {"uv": [5.75, 7, 6, 7.25], "texture": "#1"},
				"up": {"uv": [9.75, 1.5, 8, 1.25], "texture": "#1"},
				"down": {"uv": [9.75, 1.5, 8, 1.75], "texture": "#1"}
			}
		},
		{
			"from": [4.7, 2.1, -2.9],
			"to": [11.3, 2.5, -0.9],
			"rotation": {"angle": 0, "axis": "y", "origin": [10.5, 1, 1]},
			"faces": {
				"north": {"uv": [3.75, 8, 5.5, 8.25], "texture": "#1"},
				"east": {"uv": [5.75, 8.5, 6.25, 8.75], "texture": "#1"},
				"south": {"uv": [7, 8, 8.75, 8.25], "texture": "#1"},
				"west": {"uv": [8.5, 6, 9, 6.25], "texture": "#1"},
				"up": {"uv": [9.25, 2.25, 7.5, 1.75], "texture": "#1"},
				"down": {"uv": [9.25, 2.25, 7.5, 2.75], "texture": "#1"}
			}
		},
		{
			"from": [4.7, 1.5, -2.6],
			"to": [11.3, 1.9, -0.9],
			"rotation": {"angle": 0, "axis": "y", "origin": [10.5, 1, 1]},
			"faces": {
				"north": {"uv": [8, 7.5, 9.75, 7.75], "texture": "#1"},
				"east": {"uv": [6.25, 8.5, 6.75, 8.75], "texture": "#1"},
				"south": {"uv": [8, 7.75, 9.75, 8], "texture": "#1"},
				"west": {"uv": [8.5, 6.25, 9, 6.5], "texture": "#1"},
				"up": {"uv": [9.25, 3.25, 7.5, 2.75], "texture": "#1"},
				"down": {"uv": [5.5, 7.5, 3.75, 8], "texture": "#1"}
			}
		}
	],
	"display": {
		"thirdperson_righthand": {
			"translation": [0, 0, -3],
			"scale": [0.5, 0.5, 0.5]
		},
		"thirdperson_lefthand": {
			"translation": [0, 0, -3],
			"scale": [0.5, 0.5, 0.5]
		},
		"firstperson_righthand": {
			"translation": [0, 2.75, 0],
			"scale": [0.5, 0.5, 0.5]
		},
		"firstperson_lefthand": {
			"translation": [0, 2.75, 0],
			"scale": [0.5, 0.5, 0.5]
		},
		"ground": {
			"scale": [0.5, 0.5, 0.5]
		},
		"gui": {
			"rotation": [14, 157, 0],
			"translation": [0, 4, 0]
		},
		"head": {
			"rotation": [0, -10, 0],
			"translation": [0, 14.5, 0]
		},
		"fixed": {
			"translation": [0, 7, 6],
			"scale": [1.5, 1.5, 1.5]
		}
	},
	"groups": [
		{
			"name": "base",
			"origin": [0, 0, 0],
			"color": 3,
			"children": [0, 1, 2, 3, 4]
		},
		{
			"name": "eyes",
			"origin": [8, 8, 8],
			"color": 9,
			"children": [5, 6, 7, 8]
		},
		{
			"name": "beak",
			"origin": [8, 8, 8],
			"color": 1,
			"children": [9, 10, 11, 12]
		}
	]
}