{
	"credit": "Made with Blockbench",
	"texture_size": [64, 64],
	"textures": {
		"8": "block/custom/alltexture",
		"particle": "block/custom/alltexture"
	},
	"elements": [
		{
			"from": [4, 0, 2],
			"to": [12, 2, 4],
			"faces": {
				"north": {"uv": [10, 6, 12, 6.5], "texture": "#8"},
				"east": {"uv": [11.5, 11.5, 12, 12], "texture": "#8"},
				"south": {"uv": [10, 7.75, 12, 8.25], "texture": "#8"},
				"west": {"uv": [5, 11.75, 5.5, 12.25], "texture": "#8"},
				"up": {"uv": [2, 10.75, 0, 10.25], "texture": "#8"},
				"down": {"uv": [6.5, 10.25, 4.5, 10.75], "texture": "#8"}
			}
		},
		{
			"from": [12, 0, 3],
			"to": [13, 2, 4],
			"faces": {
				"north": {"uv": [1, 12.75, 1.25, 13.25], "texture": "#8"},
				"east": {"uv": [12.75, 1, 13, 1.5], "texture": "#8"},
				"south": {"uv": [1.25, 12.75, 1.5, 13.25], "texture": "#8"},
				"west": {"uv": [1.5, 12.75, 1.75, 13.25], "texture": "#8"},
				"up": {"uv": [2.75, 7.75, 2.5, 7.5], "texture": "#8"},
				"down": {"uv": [3, 7.5, 2.75, 7.75], "texture": "#8"}
			}
		},
		{
			"from": [12, 0, 12],
			"to": [13, 2, 13],
			"faces": {
				"north": {"uv": [12.75, 1.5, 13, 2], "texture": "#8"},
				"east": {"uv": [1.75, 12.75, 2, 13.25], "texture": "#8"},
				"south": {"uv": [12.75, 2, 13, 2.5], "texture": "#8"},
				"west": {"uv": [2.5, 12.75, 2.75, 13.25], "texture": "#8"},
				"up": {"uv": [3.25, 7.75, 3, 7.5], "texture": "#8"},
				"down": {"uv": [3.5, 7.5, 3.25, 7.75], "texture": "#8"}
			}
		},
		{
			"from": [3, 0, 12],
			"to": [4, 2, 13],
			"faces": {
				"north": {"uv": [12.75, 2.5, 13, 3], "texture": "#8"},
				"east": {"uv": [2.75, 12.75, 3, 13.25], "texture": "#8"},
				"south": {"uv": [3, 12.75, 3.25, 13.25], "texture": "#8"},
				"west": {"uv": [12.75, 3, 13, 3.5], "texture": "#8"},
				"up": {"uv": [3.75, 7.75, 3.5, 7.5], "texture": "#8"},
				"down": {"uv": [4, 7.5, 3.75, 7.75], "texture": "#8"}
			}
		},
		{
			"from": [3, 0, 3],
			"to": [4, 2, 4],
			"faces": {
				"north": {"uv": [3.25, 12.75, 3.5, 13.25], "texture": "#8"},
				"east": {"uv": [3.5, 12.75, 3.75, 13.25], "texture": "#8"},
				"south": {"uv": [12.75, 3.5, 13, 4], "texture": "#8"},
				"west": {"uv": [3.75, 12.75, 4, 13.25], "texture": "#8"},
				"up": {"uv": [7.75, 5.75, 7.5, 5.5], "texture": "#8"},
				"down": {"uv": [8, 5.5, 7.75, 5.75], "texture": "#8"}
			}
		},
		{
			"from": [12, 0, 4],
			"to": [14, 2, 12],
			"faces": {
				"north": {"uv": [11, 11.75, 11.5, 12.25], "texture": "#8"},
				"east": {"uv": [10.5, 1.5, 12.5, 2], "texture": "#8"},
				"south": {"uv": [2, 12, 2.5, 12.5], "texture": "#8"},
				"west": {"uv": [10.5, 2, 12.5, 2.5], "texture": "#8"},
				"up": {"uv": [2.5, 12, 2, 10], "texture": "#8"},
				"down": {"uv": [7, 10.25, 6.5, 12.25], "texture": "#8"}
			}
		},
		{
			"from": [2, 0, 4],
			"to": [4, 2, 12],
			"faces": {
				"north": {"uv": [4.5, 12, 5, 12.5], "texture": "#8"},
				"east": {"uv": [10.5, 2.5, 12.5, 3], "texture": "#8"},
				"south": {"uv": [12, 6, 12.5, 6.5], "texture": "#8"},
				"west": {"uv": [10.5, 3, 12.5, 3.5], "texture": "#8"},
				"up": {"uv": [11, 10.25, 10.5, 8.25], "texture": "#8"},
				"down": {"uv": [0.5, 10.75, 0, 12.75], "texture": "#8"}
			}
		},
		{
			"from": [4, 0, 12],
			"to": [12, 2, 14],
			"faces": {
				"north": {"uv": [8, 10.25, 10, 10.75], "texture": "#8"},
				"east": {"uv": [5.5, 11.75, 6, 12.25], "texture": "#8"},
				"south": {"uv": [10, 10.25, 12, 10.75], "texture": "#8"},
				"west": {"uv": [6, 11.75, 6.5, 12.25], "texture": "#8"},
				"up": {"uv": [12.5, 0.5, 10.5, 0], "texture": "#8"},
				"down": {"uv": [12.5, 0.5, 10.5, 1], "texture": "#8"}
			}
		},
		{
			"from": [4, 2, 2],
			"to": [12, 6, 4],
			"faces": {
				"north": {"uv": [3, 5.5, 5, 6.5], "texture": "#8"},
				"east": {"uv": [5, 10.75, 5.5, 11.75], "texture": "#8"},
				"south": {"uv": [5.5, 3.75, 7.5, 4.75], "texture": "#8"},
				"west": {"uv": [5.5, 10.75, 6, 11.75], "texture": "#8"},
				"up": {"uv": [12.5, 4, 10.5, 3.5], "texture": "#8"},
				"down": {"uv": [12.5, 6.5, 10.5, 7], "texture": "#8"}
			}
		},
		{
			"from": [12, 2, 3],
			"to": [13, 6, 4],
			"faces": {
				"north": {"uv": [7, 12, 7.25, 13], "texture": "#8"},
				"east": {"uv": [7.25, 12, 7.5, 13], "texture": "#8"},
				"south": {"uv": [7.5, 12, 7.75, 13], "texture": "#8"},
				"west": {"uv": [7.75, 12, 8, 13], "texture": "#8"},
				"up": {"uv": [8.25, 5.75, 8, 5.5], "texture": "#8"},
				"down": {"uv": [8.5, 5.5, 8.25, 5.75], "texture": "#8"}
			}
		},
		{
			"from": [12, 2, 12],
			"to": [13, 6, 13],
			"faces": {
				"north": {"uv": [8, 12, 8.25, 13], "texture": "#8"},
				"east": {"uv": [8.25, 12, 8.5, 13], "texture": "#8"},
				"south": {"uv": [8.5, 12, 8.75, 13], "texture": "#8"},
				"west": {"uv": [8.75, 12, 9, 13], "texture": "#8"},
				"up": {"uv": [8.75, 5.75, 8.5, 5.5], "texture": "#8"},
				"down": {"uv": [9, 5.5, 8.75, 5.75], "texture": "#8"}
			}
		},
		{
			"from": [3, 2, 12],
			"to": [4, 6, 13],
			"faces": {
				"north": {"uv": [9, 12, 9.25, 13], "texture": "#8"},
				"east": {"uv": [9.25, 12, 9.5, 13], "texture": "#8"},
				"south": {"uv": [9.5, 12, 9.75, 13], "texture": "#8"},
				"west": {"uv": [9.75, 12, 10, 13], "texture": "#8"},
				"up": {"uv": [9.25, 5.75, 9, 5.5], "texture": "#8"},
				"down": {"uv": [9.5, 5.5, 9.25, 5.75], "texture": "#8"}
			}
		},
		{
			"from": [3, 2, 3],
			"to": [4, 6, 4],
			"faces": {
				"north": {"uv": [10, 12, 10.25, 13], "texture": "#8"},
				"east": {"uv": [10.25, 12, 10.5, 13], "texture": "#8"},
				"south": {"uv": [12, 10.25, 12.25, 11.25], "texture": "#8"},
				"west": {"uv": [10.5, 12, 10.75, 13], "texture": "#8"},
				"up": {"uv": [9.75, 5.75, 9.5, 5.5], "texture": "#8"},
				"down": {"uv": [10, 5.5, 9.75, 5.75], "texture": "#8"}
			}
		},
		{
			"from": [12, 2, 4],
			"to": [14, 6, 12],
			"faces": {
				"north": {"uv": [6, 10.75, 6.5, 11.75], "texture": "#8"},
				"east": {"uv": [5.5, 4.75, 7.5, 5.75], "texture": "#8"},
				"south": {"uv": [11, 9.25, 11.5, 10.25], "texture": "#8"},
				"west": {"uv": [5, 5.75, 7, 6.75], "texture": "#8"},
				"up": {"uv": [1, 12.75, 0.5, 10.75], "texture": "#8"},
				"down": {"uv": [1.5, 10.75, 1, 12.75], "texture": "#8"}
			}
		},
		{
			"from": [2, 2, 4],
			"to": [4, 6, 12],
			"faces": {
				"north": {"uv": [11, 10.75, 11.5, 11.75], "texture": "#8"},
				"east": {"uv": [0, 6.25, 2, 7.25], "texture": "#8"},
				"south": {"uv": [3, 11.25, 3.5, 12.25], "texture": "#8"},
				"west": {"uv": [2, 6.5, 4, 7.5], "texture": "#8"},
				"up": {"uv": [2, 12.75, 1.5, 10.75], "texture": "#8"},
				"down": {"uv": [3, 10.75, 2.5, 12.75], "texture": "#8"}
			}
		},
		{
			"from": [4, 2, 12],
			"to": [12, 6, 14],
			"faces": {
				"north": {"uv": [4, 6.75, 6, 7.75], "texture": "#8"},
				"east": {"uv": [3.5, 11.25, 4, 12.25], "texture": "#8"},
				"south": {"uv": [6, 6.75, 8, 7.75], "texture": "#8"},
				"west": {"uv": [4, 11.25, 4.5, 12.25], "texture": "#8"},
				"up": {"uv": [12.5, 7.5, 10.5, 7], "texture": "#8"},
				"down": {"uv": [5, 10.75, 3, 11.25], "texture": "#8"}
			}
		},
		{
			"from": [13, 6, 3],
			"to": [15, 8, 13],
			"faces": {
				"north": {"uv": [12, 7.5, 12.5, 8], "texture": "#8"},
				"east": {"uv": [0, 5, 2.5, 5.5], "texture": "#8"},
				"south": {"uv": [12, 11.25, 12.5, 11.75], "texture": "#8"},
				"west": {"uv": [7.5, 1, 10, 1.5], "texture": "#8"},
				"up": {"uv": [8, 4, 7.5, 1.5], "texture": "#8"},
				"down": {"uv": [2.5, 7.5, 2, 10], "texture": "#8"}
			}
		},
		{
			"from": [1, 6, 3],
			"to": [3, 8, 13],
			"faces": {
				"north": {"uv": [4, 12.25, 4.5, 12.75], "texture": "#8"},
				"east": {"uv": [8, 2.5, 10.5, 3], "texture": "#8"},
				"south": {"uv": [5, 12.25, 5.5, 12.75], "texture": "#8"},
				"west": {"uv": [8, 3, 10.5, 3.5], "texture": "#8"},
				"up": {"uv": [3, 10.75, 2.5, 8.25], "texture": "#8"},
				"down": {"uv": [3.5, 8.25, 3, 10.75], "texture": "#8"}
			}
		},
		{
			"from": [3, 6, 13],
			"to": [13, 8, 15],
			"faces": {
				"north": {"uv": [7.5, 4, 10, 4.5], "texture": "#8"},
				"east": {"uv": [11.5, 12, 12, 12.5], "texture": "#8"},
				"south": {"uv": [7.5, 4.5, 10, 5], "texture": "#8"},
				"west": {"uv": [12, 11.75, 12.5, 12.25], "texture": "#8"},
				"up": {"uv": [10, 5.5, 7.5, 5], "texture": "#8"},
				"down": {"uv": [5, 7.75, 2.5, 8.25], "texture": "#8"}
			}
		},
		{
			"from": [3, 6, 1],
			"to": [13, 8, 3],
			"faces": {
				"north": {"uv": [5, 7.75, 7.5, 8.25], "texture": "#8"},
				"east": {"uv": [3, 12.25, 3.5, 12.75], "texture": "#8"},
				"south": {"uv": [7.5, 7.75, 10, 8.25], "texture": "#8"},
				"west": {"uv": [3.5, 12.25, 4, 12.75], "texture": "#8"},
				"up": {"uv": [10.5, 2, 8, 1.5], "texture": "#8"},
				"down": {"uv": [10.5, 2, 8, 2.5], "texture": "#8"}
			}
		},
		{
			"from": [14, 8, 2],
			"to": [16, 11, 14],
			"faces": {
				"north": {"uv": [4.5, 11.25, 5, 12], "texture": "#8"},
				"east": {"uv": [2.5, 4, 5.5, 4.75], "texture": "#8"},
				"south": {"uv": [7, 11.25, 7.5, 12], "texture": "#8"},
				"west": {"uv": [4.5, 0, 7.5, 0.75], "texture": "#8"},
				"up": {"uv": [0.5, 10.25, 0, 7.25], "texture": "#8"},
				"down": {"uv": [1, 7.25, 0.5, 10.25], "texture": "#8"}
			}
		},
		{
			"from": [0, 8, 2],
			"to": [2, 11, 14],
			"faces": {
				"north": {"uv": [7.5, 11.25, 8, 12], "texture": "#8"},
				"east": {"uv": [4.5, 0.75, 7.5, 1.5], "texture": "#8"},
				"south": {"uv": [8, 11.25, 8.5, 12], "texture": "#8"},
				"west": {"uv": [4.5, 1.5, 7.5, 2.25], "texture": "#8"},
				"up": {"uv": [1.5, 10.25, 1, 7.25], "texture": "#8"},
				"down": {"uv": [2, 7.25, 1.5, 10.25], "texture": "#8"}
			}
		},
		{
			"from": [2, 8, 14],
			"to": [14, 11, 16],
			"faces": {
				"north": {"uv": [4.5, 2.25, 7.5, 3], "texture": "#8"},
				"east": {"uv": [8.5, 11.25, 9, 12], "texture": "#8"},
				"south": {"uv": [4.5, 3, 7.5, 3.75], "texture": "#8"},
				"west": {"uv": [9, 11.25, 9.5, 12], "texture": "#8"},
				"up": {"uv": [10, 6.25, 7, 5.75], "texture": "#8"},
				"down": {"uv": [10, 6.25, 7, 6.75], "texture": "#8"}
			}
		},
		{
			"from": [2, 8, 0],
			"to": [14, 11, 2],
			"faces": {
				"north": {"uv": [2.5, 4.75, 5.5, 5.5], "texture": "#8"},
				"east": {"uv": [9.5, 11.25, 10, 12], "texture": "#8"},
				"south": {"uv": [0, 5.5, 3, 6.25], "texture": "#8"},
				"west": {"uv": [10, 11.25, 10.5, 12], "texture": "#8"},
				"up": {"uv": [10.5, 0.5, 7.5, 0], "texture": "#8"},
				"down": {"uv": [10.5, 0.5, 7.5, 1], "texture": "#8"}
			}
		},
		{
			"from": [2, 8, 2],
			"to": [3, 11, 3],
			"faces": {
				"north": {"uv": [11.25, 12.25, 11.5, 13], "texture": "#8"},
				"east": {"uv": [12.5, 0.5, 12.75, 1.25], "texture": "#8"},
				"south": {"uv": [12.5, 1.25, 12.75, 2], "texture": "#8"},
				"west": {"uv": [2, 12.5, 2.25, 13.25], "texture": "#8"},
				"up": {"uv": [5.5, 4, 5.25, 3.75], "texture": "#8"},
				"down": {"uv": [5.25, 5.5, 5, 5.75], "texture": "#8"}
			}
		},
		{
			"from": [2, 8, 13],
			"to": [3, 11, 14],
			"faces": {
				"north": {"uv": [12.5, 2, 12.75, 2.75], "texture": "#8"},
				"east": {"uv": [2.25, 12.5, 2.5, 13.25], "texture": "#8"},
				"south": {"uv": [12.5, 2.75, 12.75, 3.5], "texture": "#8"},
				"west": {"uv": [12.5, 3.5, 12.75, 4.25], "texture": "#8"},
				"up": {"uv": [5.5, 5.75, 5.25, 5.5], "texture": "#8"},
				"down": {"uv": [3, 6.25, 2.75, 6.5], "texture": "#8"}
			}
		},
		{
			"from": [13, 8, 13],
			"to": [14, 11, 14],
			"faces": {
				"north": {"uv": [12.5, 4.25, 12.75, 5], "texture": "#8"},
				"east": {"uv": [4.5, 12.5, 4.75, 13.25], "texture": "#8"},
				"south": {"uv": [4.75, 12.5, 5, 13.25], "texture": "#8"},
				"west": {"uv": [12.5, 5, 12.75, 5.75], "texture": "#8"},
				"up": {"uv": [4.25, 6.75, 4, 6.5], "texture": "#8"},
				"down": {"uv": [4.5, 6.5, 4.25, 6.75], "texture": "#8"}
			}
		},
		{
			"from": [13, 8, 2],
			"to": [14, 11, 3],
			"faces": {
				"north": {"uv": [12.5, 5.75, 12.75, 6.5], "texture": "#8"},
				"east": {"uv": [12.5, 6.5, 12.75, 7.25], "texture": "#8"},
				"south": {"uv": [12.5, 7.25, 12.75, 8], "texture": "#8"},
				"west": {"uv": [12.5, 11.25, 12.75, 12], "texture": "#8"},
				"up": {"uv": [4.75, 6.75, 4.5, 6.5], "texture": "#8"},
				"down": {"uv": [5, 6.5, 4.75, 6.75], "texture": "#8"}
			}
		},
		{
			"from": [13, 11, 3],
			"to": [15, 13, 13],
			"faces": {
				"north": {"uv": [5.5, 12.25, 6, 12.75], "texture": "#8"},
				"east": {"uv": [8, 3.5, 10.5, 4], "texture": "#8"},
				"south": {"uv": [6, 12.25, 6.5, 12.75], "texture": "#8"},
				"west": {"uv": [8, 6.75, 10.5, 7.25], "texture": "#8"},
				"up": {"uv": [4, 10.75, 3.5, 8.25], "texture": "#8"},
				"down": {"uv": [4.5, 8.25, 4, 10.75], "texture": "#8"}
			}
		},
		{
			"from": [1, 11, 3],
			"to": [3, 13, 13],
			"faces": {
				"north": {"uv": [6.5, 12.25, 7, 12.75], "texture": "#8"},
				"east": {"uv": [8, 7.25, 10.5, 7.75], "texture": "#8"},
				"south": {"uv": [12.25, 9.25, 12.75, 9.75], "texture": "#8"},
				"west": {"uv": [4.5, 8.25, 7, 8.75], "texture": "#8"},
				"up": {"uv": [7.5, 10.75, 7, 8.25], "texture": "#8"},
				"down": {"uv": [8, 8.25, 7.5, 10.75], "texture": "#8"}
			}
		},
		{
			"from": [3, 11, 13],
			"to": [13, 13, 15],
			"faces": {
				"north": {"uv": [8, 8.25, 10.5, 8.75], "texture": "#8"},
				"east": {"uv": [12.25, 9.75, 12.75, 10.25], "texture": "#8"},
				"south": {"uv": [4.5, 8.75, 7, 9.25], "texture": "#8"},
				"west": {"uv": [12.25, 10.25, 12.75, 10.75], "texture": "#8"},
				"up": {"uv": [10.5, 9.25, 8, 8.75], "texture": "#8"},
				"down": {"uv": [7, 9.25, 4.5, 9.75], "texture": "#8"}
			}
		},
		{
			"from": [3, 11, 1],
			"to": [13, 13, 3],
			"faces": {
				"north": {"uv": [8, 9.25, 10.5, 9.75], "texture": "#8"},
				"east": {"uv": [10.75, 12.25, 11.25, 12.75], "texture": "#8"},
				"south": {"uv": [4.5, 9.75, 7, 10.25], "texture": "#8"},
				"west": {"uv": [12.25, 10.75, 12.75, 11.25], "texture": "#8"},
				"up": {"uv": [10.5, 10.25, 8, 9.75], "texture": "#8"},
				"down": {"uv": [12.5, 1, 10, 1.5], "texture": "#8"}
			}
		},
		{
			"from": [3, 11, 3],
			"to": [13, 13, 13],
			"faces": {
				"north": {"uv": [10, 4, 12.5, 4.5], "texture": "#8"},
				"east": {"uv": [10, 4.5, 12.5, 5], "texture": "#8"},
				"south": {"uv": [10, 5, 12.5, 5.5], "texture": "#8"},
				"west": {"uv": [10, 5.5, 12.5, 6], "texture": "#8"},
				"up": {"uv": [2.5, 2.5, 0, 0], "texture": "#8"},
				"down": {"uv": [2.5, 2.5, 0, 5], "texture": "#8"}
			}
		},
		{
			"from": [4, 5, 4],
			"to": [12, 7, 12],
			"faces": {
				"north": {"uv": [7, 10.75, 9, 11.25], "texture": "#8"},
				"east": {"uv": [9, 10.75, 11, 11.25], "texture": "#8"},
				"south": {"uv": [11, 8.25, 13, 8.75], "texture": "#8"},
				"west": {"uv": [11, 8.75, 13, 9.25], "texture": "#8"},
				"up": {"uv": [4.5, 2, 2.5, 0], "texture": "#8"},
				"down": {"uv": [4.5, 2, 2.5, 4], "texture": "#8"}
			}
		},
		{
			"from": [6.8125, 2, 6.8125],
			"to": [8.8125, 4, 9.8125],
			"rotation": {"angle": 0, "axis": "y", "origin": [7.8125, 2.5625, 8]},
			"faces": {
				"north": {"uv": [12, 12.25, 12.5, 12.75], "texture": "#8"},
				"east": {"uv": [11.5, 9.25, 12.25, 9.75], "texture": "#8"},
				"south": {"uv": [12.5, 0, 13, 0.5], "texture": "#8"},
				"west": {"uv": [11.5, 9.75, 12.25, 10.25], "texture": "#8"},
				"up": {"uv": [11, 12, 10.5, 11.25], "texture": "#8"},
				"down": {"uv": [12, 10.75, 11.5, 11.5], "texture": "#8"}
			}
		},
		{
			"from": [7.0625, 2.25, 5.3125],
			"to": [8.5625, 3.5, 6.8125],
			"rotation": {"angle": 0, "axis": "y", "origin": [7.8125, 2.5625, 8]},
			"faces": {
				"north": {"uv": [11.5, 12.5, 11.875, 12.875], "texture": "#8"},
				"east": {"uv": [12.5, 12, 12.875, 12.375], "texture": "#8"},
				"south": {"uv": [12.5, 12.5, 12.875, 12.875], "texture": "#8"},
				"west": {"uv": [0, 12.75, 0.375, 13.125], "texture": "#8"},
				"up": {"uv": [0.875, 13.125, 0.5, 12.75], "texture": "#8"},
				"down": {"uv": [13.125, 0.5, 12.75, 0.875], "texture": "#8"}
			}
		},
		{
			"from": [7.3125, 2.25, 4.3125],
			"to": [8.3125, 3, 5.3125],
			"rotation": {"angle": 0, "axis": "y", "origin": [7.8125, 2.5625, 8]},
			"faces": {
				"north": {"uv": [10, 6.5, 10.25, 6.75], "texture": "#8"},
				"east": {"uv": [10.25, 6.5, 10.5, 6.75], "texture": "#8"},
				"south": {"uv": [10.5, 7.5, 10.75, 7.75], "texture": "#8"},
				"west": {"uv": [10.75, 7.5, 11, 7.75], "texture": "#8"},
				"up": {"uv": [11.25, 7.75, 11, 7.5], "texture": "#8"},
				"down": {"uv": [11.5, 7.5, 11.25, 7.75], "texture": "#8"}
			}
		},
		{
			"from": [7.5625, 2.75, 4.0625],
			"to": [8.0625, 3, 4.3125],
			"rotation": {"angle": 0, "axis": "y", "origin": [7.8125, 2.5625, 8]},
			"faces": {
				"north": {"uv": [12.75, 11, 12.875, 11.125], "texture": "#8"},
				"east": {"uv": [12.75, 11.25, 12.875, 11.375], "texture": "#8"},
				"south": {"uv": [12.75, 11.5, 12.875, 11.625], "texture": "#8"},
				"west": {"uv": [12.75, 11.75, 12.875, 11.875], "texture": "#8"},
				"up": {"uv": [12.125, 12.875, 12, 12.75], "texture": "#8"},
				"down": {"uv": [12.375, 12.75, 12.25, 12.875], "texture": "#8"}
			}
		},
		{
			"from": [7.0625, 3, 5.0625],
			"to": [7.5625, 3.25, 5.3125],
			"rotation": {"angle": 0, "axis": "y", "origin": [7.8125, 2.5625, 8]},
			"faces": {
				"north": {"uv": [13, 0, 13.125, 0.125], "texture": "#8"},
				"east": {"uv": [13, 0.25, 13.125, 0.375], "texture": "#8"},
				"south": {"uv": [13, 1, 13.125, 1.125], "texture": "#8"},
				"west": {"uv": [13, 1.25, 13.125, 1.375], "texture": "#8"},
				"up": {"uv": [13.125, 1.625, 13, 1.5], "texture": "#8"},
				"down": {"uv": [13.125, 1.75, 13, 1.875], "texture": "#8"}
			}
		},
		{
			"from": [8.0625, 3, 5.0625],
			"to": [8.5625, 3.25, 5.3125],
			"rotation": {"angle": 0, "axis": "y", "origin": [7.8125, 2.5625, 8]},
			"faces": {
				"north": {"uv": [13, 2, 13.125, 2.125], "texture": "#8"},
				"east": {"uv": [13, 2.25, 13.125, 2.375], "texture": "#8"},
				"south": {"uv": [13, 2.5, 13.125, 2.625], "texture": "#8"},
				"west": {"uv": [13, 2.75, 13.125, 2.875], "texture": "#8"},
				"up": {"uv": [13.125, 3.125, 13, 3], "texture": "#8"},
				"down": {"uv": [13.125, 3.25, 13, 3.375], "texture": "#8"}
			}
		},
		{
			"from": [7.5625, 2.5, 9.3125],
			"to": [8.0625, 3, 12.3125],
			"rotation": {"angle": 0, "axis": "y", "origin": [7.8125, 2.5625, 8]},
			"faces": {
				"north": {"uv": [12.75, 10.75, 12.875, 10.875], "texture": "#8"},
				"east": {"uv": [4.5, 3.75, 5.25, 3.875], "texture": "#8"},
				"south": {"uv": [11, 12.75, 11.125, 12.875], "texture": "#8"},
				"west": {"uv": [2, 6.25, 2.75, 6.375], "texture": "#8"},
				"up": {"uv": [4.125, 13.5, 4, 12.75], "texture": "#8"},
				"down": {"uv": [12.875, 4, 12.75, 4.75], "texture": "#8"}
			}
		},
		{
			"from": [6.8125, 1.25, 6.8125],
			"to": [7.0625, 2, 7.3125],
			"rotation": {"angle": 0, "axis": "y", "origin": [7.8125, 2.5625, 8]},
			"faces": {
				"north": {"uv": [5.5, 12.75, 5.625, 13], "texture": "#8"},
				"east": {"uv": [12.75, 5.5, 12.875, 5.75], "texture": "#8"},
				"south": {"uv": [5.75, 12.75, 5.875, 13], "texture": "#8"},
				"west": {"uv": [12.75, 5.75, 12.875, 6], "texture": "#8"},
				"up": {"uv": [12.875, 8.125, 12.75, 8], "texture": "#8"},
				"down": {"uv": [12.875, 9.25, 12.75, 9.375], "texture": "#8"}
			}
		},
		{
			"from": [8.5625, 1.25, 6.8125],
			"to": [8.8125, 2, 7.3125],
			"rotation": {"angle": 0, "axis": "y", "origin": [7.8125, 2.5625, 8]},
			"faces": {
				"north": {"uv": [6, 12.75, 6.125, 13], "texture": "#8"},
				"east": {"uv": [12.75, 6, 12.875, 6.25], "texture": "#8"},
				"south": {"uv": [6.25, 12.75, 6.375, 13], "texture": "#8"},
				"west": {"uv": [12.75, 6.25, 12.875, 6.5], "texture": "#8"},
				"up": {"uv": [12.875, 9.625, 12.75, 9.5], "texture": "#8"},
				"down": {"uv": [12.875, 9.75, 12.75, 9.875], "texture": "#8"}
			}
		},
		{
			"from": [8.5625, 1.25, 9.3125],
			"to": [8.8125, 2, 9.8125],
			"rotation": {"angle": 0, "axis": "y", "origin": [7.8125, 2.5625, 8]},
			"faces": {
				"north": {"uv": [6.5, 12.75, 6.625, 13], "texture": "#8"},
				"east": {"uv": [12.75, 6.5, 12.875, 6.75], "texture": "#8"},
				"south": {"uv": [6.75, 12.75, 6.875, 13], "texture": "#8"},
				"west": {"uv": [12.75, 6.75, 12.875, 7], "texture": "#8"},
				"up": {"uv": [12.875, 10.125, 12.75, 10], "texture": "#8"},
				"down": {"uv": [12.875, 10.25, 12.75, 10.375], "texture": "#8"}
			}
		},
		{
			"from": [6.8125, 1.25, 9.3125],
			"to": [7.0625, 2, 9.8125],
			"rotation": {"angle": 0, "axis": "y", "origin": [7.8125, 2.5625, 8]},
			"faces": {
				"north": {"uv": [12.75, 7, 12.875, 7.25], "texture": "#8"},
				"east": {"uv": [12.75, 7.25, 12.875, 7.5], "texture": "#8"},
				"south": {"uv": [12.75, 7.5, 12.875, 7.75], "texture": "#8"},
				"west": {"uv": [12.75, 7.75, 12.875, 8], "texture": "#8"},
				"up": {"uv": [12.875, 10.625, 12.75, 10.5], "texture": "#8"},
				"down": {"uv": [10.875, 12.75, 10.75, 12.875], "texture": "#8"}
			}
		},
		{
			"from": [6.5625, 3, 6.3125],
			"to": [7.5625, 4, 6.5625],
			"rotation": {"angle": 0, "axis": "y", "origin": [7.8125, 2.5625, 8]},
			"faces": {
				"north": {"uv": [11.5, 7.5, 11.75, 7.75], "texture": "#8"},
				"east": {"uv": [12.25, 8, 12.375, 8.25], "texture": "#8"},
				"south": {"uv": [11.75, 7.5, 12, 7.75], "texture": "#8"},
				"west": {"uv": [12.5, 8, 12.625, 8.25], "texture": "#8"},
				"up": {"uv": [4.5, 12.875, 4.25, 12.75], "texture": "#8"},
				"down": {"uv": [13, 4.75, 12.75, 4.875], "texture": "#8"}
			}
		},
		{
			"from": [8.0625, 3, 6.3125],
			"to": [9.0625, 4, 6.5625],
			"rotation": {"angle": 0, "axis": "y", "origin": [7.8125, 2.5625, 8]},
			"faces": {
				"north": {"uv": [12, 8, 12.25, 8.25], "texture": "#8"},
				"east": {"uv": [5, 12.75, 5.125, 13], "texture": "#8"},
				"south": {"uv": [10.75, 12, 11, 12.25], "texture": "#8"},
				"west": {"uv": [12.75, 5, 12.875, 5.25], "texture": "#8"},
				"up": {"uv": [5.5, 12.875, 5.25, 12.75], "texture": "#8"},
				"down": {"uv": [13, 5.25, 12.75, 5.375], "texture": "#8"}
			}
		}
	],
	"display": {
		"thirdperson_righthand": {
			"translation": [0, 0, -3],
			"scale": [0.5, 0.5, 0.5]
		},
		"thirdperson_lefthand": {
			"translation": [0, 0, -3],
			"scale": [0.5, 0.5, 0.5]
		},
		"firstperson_righthand": {
			"translation": [0, 2.75, 0],
			"scale": [0.5, 0.5, 0.5]
		},
		"firstperson_lefthand": {
			"translation": [0, 2.75, 0],
			"scale": [0.5, 0.5, 0.5]
		},
		"ground": {
			"scale": [0.5, 0.5, 0.5]
		},
		"gui": {
			"rotation": [34, 137, 0],
			"translation": [0, 0.5, 0],
			"scale": [0.75, 0.75, 0.75]
		},
		"head": {
			"translation": [0, 14.5, 0]
		},
		"fixed": {
			"translation": [0, 1.25, 0.25]
		}
	},
	"groups": [
		{
			"name": "base",
			"origin": [0, 0, 0],
			"color": 0,
			"children": [0, 1, 2, 3, 4, 5, 6, 7]
		},
		{
			"name": "length",
			"origin": [0, 0, 0],
			"color": 0,
			"children": [8, 9, 10, 11, 12, 13, 14, 15]
		},
		{
			"name": "floofa",
			"origin": [8, 8, 8],
			"color": 0,
			"children": [16, 17, 18, 19]
		},
		{
			"name": "floofb",
			"origin": [8, 8, 8],
			"color": 0,
			"children": [20, 21, 22, 23, 24, 25, 26, 27]
		},
		{
			"name": "floofc",
			"origin": [8, 8, 8],
			"color": 0,
			"children": [28, 29, 30, 31, 32]
		},
		33,
		{
			"name": "remy",
			"origin": [8, 8, 8],
			"color": 0,
			"children": [34, 35, 36, 37, 38, 39, 40, 41, 42, 43, 44, 45, 46]
		}
	]
}