{
	"credit": "Made with Blockbench",
	"texture_size": [64, 64],
	"textures": {
		"0": "block/custom/texture",
		"particle": "block/custom/texture"
	},
	"elements": [
		{
			"from": [-1, 4, 7],
			"to": [0, 8, 11],
			"faces": {
				"north": {"uv": [0, 0, 0.25, 1], "texture": "#0"},
				"east": {"uv": [0, 0, 1, 1], "texture": "#0"},
				"south": {"uv": [0, 0, 0.25, 1], "texture": "#0"},
				"west": {"uv": [0, 0, 1, 1], "texture": "#0"},
				"up": {"uv": [0, 0, 0.25, 1], "texture": "#0"},
				"down": {"uv": [0, 0, 0.25, 1], "texture": "#0"}
			}
		},
		{
			"from": [-2, 6, 9],
			"to": [-1, 9, 12],
			"faces": {
				"north": {"uv": [0, 0, 0.25, 0.75], "texture": "#0"},
				"east": {"uv": [0, 0, 0.75, 0.75], "texture": "#0"},
				"south": {"uv": [0, 0, 0.25, 0.75], "texture": "#0"},
				"west": {"uv": [0, 0, 0.75, 0.75], "texture": "#0"},
				"up": {"uv": [0, 0, 0.25, 0.75], "texture": "#0"},
				"down": {"uv": [0, 0, 0.25, 0.75], "texture": "#0"}
			}
		},
		{
			"from": [-3, 8, 11],
			"to": [-2, 10, 13],
			"faces": {
				"north": {"uv": [9, 14.25, 8.75, 14.75], "texture": "#0"},
				"east": {"uv": [14.5, 1.75, 14, 2.25], "texture": "#0"},
				"south": {"uv": [14.5, 10, 14.25, 10.5], "texture": "#0"},
				"west": {"uv": [14.5, 1.25, 14, 1.75], "texture": "#0"},
				"up": {"uv": [10.5, 14.75, 10.75, 14.25], "texture": "#0"},
				"down": {"uv": [14.25, 10.5, 14.5, 11], "texture": "#0"}
			}
		},
		{
			"from": [18, 8, 11],
			"to": [19, 10, 13],
			"rotation": {"angle": 0, "axis": "y", "origin": [16, 0, 0]},
			"faces": {
				"north": {"uv": [8.75, 14.25, 9, 14.75], "texture": "#0"},
				"east": {"uv": [14, 1.25, 14.5, 1.75], "texture": "#0"},
				"south": {"uv": [14.25, 10, 14.5, 10.5], "texture": "#0"},
				"west": {"uv": [14, 1.75, 14.5, 2.25], "texture": "#0"},
				"up": {"uv": [10.75, 14.75, 10.5, 14.25], "texture": "#0"},
				"down": {"uv": [14.5, 10.5, 14.25, 11], "texture": "#0"}
			}
		},
		{
			"from": [16, 4, 7],
			"to": [17, 8, 11],
			"rotation": {"angle": 0, "axis": "y", "origin": [16, 0, 0]},
			"faces": {
				"north": {"uv": [0.25, 0, 0, 1], "texture": "#0"},
				"east": {"uv": [1, 0, 0, 1], "texture": "#0"},
				"south": {"uv": [0.25, 0, 0, 1], "texture": "#0"},
				"west": {"uv": [1, 0, 0, 1], "texture": "#0"},
				"up": {"uv": [0.25, 0, 0, 1], "texture": "#0"},
				"down": {"uv": [0.25, 0, 0, 1], "texture": "#0"}
			}
		},
		{
			"from": [17, 6, 9],
			"to": [18, 9, 12],
			"rotation": {"angle": 0, "axis": "y", "origin": [16, 0, 0]},
			"faces": {
				"north": {"uv": [0.25, 0, 0, 0.75], "texture": "#0"},
				"east": {"uv": [0.75, 0, 0, 0.75], "texture": "#0"},
				"south": {"uv": [0.25, 0, 0, 0.75], "texture": "#0"},
				"west": {"uv": [0.75, 0, 0, 0.75], "texture": "#0"},
				"up": {"uv": [0.25, 0, 0, 0.75], "texture": "#0"},
				"down": {"uv": [0.25, 0, 0, 0.75], "texture": "#0"}
			}
		},
		{
			"from": [-1, 13, 4],
			"to": [3, 15, 8],
			"faces": {
				"north": {"uv": [0, 0, 1, 0.5], "texture": "#0"},
				"east": {"uv": [0, 0, 1, 0.5], "texture": "#0"},
				"south": {"uv": [0, 0, 1, 0.5], "texture": "#0"},
				"west": {"uv": [0, 0, 1, 0.5], "texture": "#0"},
				"up": {"uv": [0, 0, 1, 1], "texture": "#0"},
				"down": {"uv": [0, 0, 1, 1], "texture": "#0"}
			}
		},
		{
			"from": [-1, 15, 5],
			"to": [3, 18, 10],
			"faces": {
				"north": {"uv": [0, 0, 1, 0.75], "texture": "#0"},
				"east": {"uv": [0, 0, 1.25, 0.75], "texture": "#0"},
				"south": {"uv": [0, 0, 1, 0.75], "texture": "#0"},
				"west": {"uv": [0, 0, 1.25, 0.75], "texture": "#0"},
				"up": {"uv": [0, 0, 1, 1.25], "texture": "#0"},
				"down": {"uv": [0, 0, 1, 1.25], "texture": "#0"}
			}
		},
		{
			"from": [1, 18, 6],
			"to": [2, 21, 10],
			"faces": {
				"north": {"uv": [0, 0, 0.25, 0.75], "texture": "#0"},
				"east": {"uv": [0, 0, 1, 0.75], "texture": "#0"},
				"south": {"uv": [0, 0, 0.25, 0.75], "texture": "#0"},
				"west": {"uv": [0, 0, 1, 0.75], "texture": "#0"},
				"up": {"uv": [0, 0, 0.25, 1], "texture": "#0"},
				"down": {"uv": [0, 0, 0.25, 1], "texture": "#0"}
			}
		},
		{
			"from": [1, 20, 13],
			"to": [2, 22, 17],
			"faces": {
				"north": {"uv": [0, 0, 0.25, 0.5], "texture": "#0"},
				"east": {"uv": [0, 0, 1, 0.5], "texture": "#0"},
				"south": {"uv": [0, 0, 0.25, 0.5], "texture": "#0"},
				"west": {"uv": [0, 0, 1, 0.5], "texture": "#0"},
				"up": {"uv": [0, 0, 0.25, 1], "texture": "#0"},
				"down": {"uv": [0, 0, 0.25, 1], "texture": "#0"}
			}
		},
		{
			"from": [3, 25, 18],
			"to": [4, 26, 21],
			"faces": {
				"north": {"uv": [0, 0, 0.25, 0.25], "texture": "#0"},
				"east": {"uv": [0, 0, 0.75, 0.25], "texture": "#0"},
				"south": {"uv": [0, 0, 0.25, 0.25], "texture": "#0"},
				"west": {"uv": [0, 0, 0.75, 0.25], "texture": "#0"},
				"up": {"uv": [0, 0, 0.25, 0.75], "texture": "#0"},
				"down": {"uv": [0, 0, 0.25, 0.75], "texture": "#0"}
			}
		},
		{
			"from": [-2, 20, 12],
			"to": [-1, 22, 17],
			"faces": {
				"north": {"uv": [0, 0, 0.25, 0.5], "texture": "#0"},
				"east": {"uv": [0, 0, 1.25, 0.5], "texture": "#0"},
				"south": {"uv": [0, 0, 0.25, 0.5], "texture": "#0"},
				"west": {"uv": [0, 0, 1.25, 0.5], "texture": "#0"},
				"up": {"uv": [0, 0, 0.25, 1.25], "texture": "#0"},
				"down": {"uv": [0, 0, 0.25, 1.25], "texture": "#0"}
			}
		},
		{
			"from": [-1, 18, 6],
			"to": [1, 21, 7],
			"faces": {
				"north": {"uv": [0, 0, 0.5, 0.75], "texture": "#0"},
				"east": {"uv": [0, 0, 0.25, 0.75], "texture": "#0"},
				"south": {"uv": [0, 0, 0.5, 0.75], "texture": "#0"},
				"west": {"uv": [0, 0, 0.25, 0.75], "texture": "#0"},
				"up": {"uv": [0, 0, 0.5, 0.25], "texture": "#0"},
				"down": {"uv": [0, 0, 0.5, 0.25], "texture": "#0"}
			}
		},
		{
			"from": [-2, 16, 7],
			"to": [0, 19, 11],
			"faces": {
				"north": {"uv": [0, 0, 0.5, 0.75], "texture": "#0"},
				"east": {"uv": [0, 0, 1, 0.75], "texture": "#0"},
				"south": {"uv": [0, 0, 0.5, 0.75], "texture": "#0"},
				"west": {"uv": [0, 0, 1, 0.75], "texture": "#0"},
				"up": {"uv": [0, 0, 0.5, 1], "texture": "#0"},
				"down": {"uv": [0, 0, 0.5, 1], "texture": "#0"}
			}
		},
		{
			"from": [1, 26, 18],
			"to": [2, 28, 22],
			"faces": {
				"north": {"uv": [0, 0, 0.25, 0.5], "texture": "#0"},
				"east": {"uv": [0, 0, 1, 0.5], "texture": "#0"},
				"south": {"uv": [0, 0, 0.25, 0.5], "texture": "#0"},
				"west": {"uv": [0, 0, 1, 0.5], "texture": "#0"},
				"up": {"uv": [0, 0, 0.25, 1], "texture": "#0"},
				"down": {"uv": [0, 0, 0.25, 1], "texture": "#0"}
			}
		},
		{
			"from": [0, 25, 16],
			"to": [1, 27, 20],
			"faces": {
				"north": {"uv": [0, 0, 0.25, 0.5], "texture": "#0"},
				"east": {"uv": [0, 0, 1, 0.5], "texture": "#0"},
				"south": {"uv": [0, 0, 0.25, 0.5], "texture": "#0"},
				"west": {"uv": [0, 0, 1, 0.5], "texture": "#0"},
				"up": {"uv": [0, 0, 0.25, 1], "texture": "#0"},
				"down": {"uv": [0, 0, 0.25, 1], "texture": "#0"}
			}
		},
		{
			"from": [0, 16, 10],
			"to": [2, 19, 12],
			"faces": {
				"north": {"uv": [0, 0, 0.5, 0.75], "texture": "#0"},
				"east": {"uv": [0, 0, 0.5, 0.75], "texture": "#0"},
				"south": {"uv": [0, 0, 0.5, 0.75], "texture": "#0"},
				"west": {"uv": [0, 0, 0.5, 0.75], "texture": "#0"},
				"up": {"uv": [0, 0, 0.5, 0.5], "texture": "#0"},
				"down": {"uv": [0, 0, 0.5, 0.5], "texture": "#0"}
			}
		},
		{
			"from": [-1, 22, 13],
			"to": [1, 24, 14],
			"faces": {
				"north": {"uv": [0, 0, 0.5, 0.5], "texture": "#0"},
				"east": {"uv": [0, 0, 0.25, 0.5], "texture": "#0"},
				"south": {"uv": [0, 0, 0.5, 0.5], "texture": "#0"},
				"west": {"uv": [0, 0, 0.25, 0.5], "texture": "#0"},
				"up": {"uv": [0, 0, 0.5, 0.25], "texture": "#0"},
				"down": {"uv": [0, 0, 0.5, 0.25], "texture": "#0"}
			}
		},
		{
			"from": [1, 25, 16],
			"to": [3, 27, 17],
			"faces": {
				"north": {"uv": [0, 0, 0.5, 0.5], "texture": "#0"},
				"east": {"uv": [0, 0, 0.25, 0.5], "texture": "#0"},
				"south": {"uv": [0, 0, 0.5, 0.5], "texture": "#0"},
				"west": {"uv": [0, 0, 0.25, 0.5], "texture": "#0"},
				"up": {"uv": [0, 0, 0.5, 0.25], "texture": "#0"},
				"down": {"uv": [0, 0, 0.5, 0.25], "texture": "#0"}
			}
		},
		{
			"from": [2, 24, 18],
			"to": [3, 25, 19],
			"faces": {
				"north": {"uv": [0, 0, 0.25, 0.25], "texture": "#0"},
				"east": {"uv": [0, 0, 0.25, 0.25], "texture": "#0"},
				"south": {"uv": [0, 0, 0.25, 0.25], "texture": "#0"},
				"west": {"uv": [0, 0, 0.25, 0.25], "texture": "#0"},
				"up": {"uv": [0, 0, 0.25, 0.25], "texture": "#0"},
				"down": {"uv": [0, 0, 0.25, 0.25], "texture": "#0"}
			}
		},
		{
			"from": [1, 25, 17],
			"to": [3, 28, 18],
			"faces": {
				"north": {"uv": [0, 0, 0.5, 0.75], "texture": "#0"},
				"east": {"uv": [0, 0, 0.25, 0.75], "texture": "#0"},
				"south": {"uv": [0, 0, 0.5, 0.75], "texture": "#0"},
				"west": {"uv": [0, 0, 0.25, 0.75], "texture": "#0"},
				"up": {"uv": [0, 0, 0.5, 0.25], "texture": "#0"},
				"down": {"uv": [0, 0, 0.5, 0.25], "texture": "#0"}
			}
		},
		{
			"from": [-1, 22, 10],
			"to": [1, 23, 13],
			"faces": {
				"north": {"uv": [0, 0, 0.5, 0.25], "texture": "#0"},
				"east": {"uv": [0, 0, 0.75, 0.25], "texture": "#0"},
				"south": {"uv": [0, 0, 0.5, 0.25], "texture": "#0"},
				"west": {"uv": [0, 0, 0.75, 0.25], "texture": "#0"},
				"up": {"uv": [0, 0, 0.5, 0.75], "texture": "#0"},
				"down": {"uv": [0, 0, 0.5, 0.75], "texture": "#0"}
			}
		},
		{
			"from": [-1, 19, 12],
			"to": [1, 22, 15],
			"faces": {
				"north": {"uv": [0, 0, 0.5, 0.75], "texture": "#0"},
				"east": {"uv": [0, 0, 0.75, 0.75], "texture": "#0"},
				"south": {"uv": [0, 0, 0.5, 0.75], "texture": "#0"},
				"west": {"uv": [0, 0, 0.75, 0.75], "texture": "#0"},
				"up": {"uv": [0, 0, 0.5, 0.75], "texture": "#0"},
				"down": {"uv": [0, 0, 0.5, 0.75], "texture": "#0"}
			}
		},
		{
			"from": [1, 24, 19],
			"to": [3, 26, 21],
			"faces": {
				"north": {"uv": [0, 0, 0.5, 0.5], "texture": "#0"},
				"east": {"uv": [0, 0, 0.5, 0.5], "texture": "#0"},
				"south": {"uv": [0, 0, 0.5, 0.5], "texture": "#0"},
				"west": {"uv": [0, 0, 0.5, 0.5], "texture": "#0"},
				"up": {"uv": [0, 0, 0.5, 0.5], "texture": "#0"},
				"down": {"uv": [0, 0, 0.5, 0.5], "texture": "#0"}
			}
		},
		{
			"from": [-1, 20, 15],
			"to": [1, 22, 17],
			"faces": {
				"north": {"uv": [0, 0, 0.5, 0.5], "texture": "#0"},
				"east": {"uv": [0, 0, 0.5, 0.5], "texture": "#0"},
				"south": {"uv": [0, 0, 0.5, 0.5], "texture": "#0"},
				"west": {"uv": [0, 0, 0.5, 0.5], "texture": "#0"},
				"up": {"uv": [0, 0, 0.5, 0.5], "texture": "#0"},
				"down": {"uv": [0, 0, 0.5, 0.5], "texture": "#0"}
			}
		},
		{
			"from": [-1, 18, 11],
			"to": [1, 19, 13],
			"faces": {
				"north": {"uv": [0, 0, 0.5, 0.25], "texture": "#0"},
				"east": {"uv": [0, 0, 0.5, 0.25], "texture": "#0"},
				"south": {"uv": [0, 0, 0.5, 0.25], "texture": "#0"},
				"west": {"uv": [0, 0, 0.5, 0.25], "texture": "#0"},
				"up": {"uv": [0, 0, 0.5, 0.5], "texture": "#0"},
				"down": {"uv": [0, 0, 0.5, 0.5], "texture": "#0"}
			}
		},
		{
			"from": [2, 26, 21],
			"to": [4, 28, 23],
			"faces": {
				"north": {"uv": [0, 0, 0.5, 0.5], "texture": "#0"},
				"east": {"uv": [0, 0, 0.5, 0.5], "texture": "#0"},
				"south": {"uv": [0, 0, 0.5, 0.5], "texture": "#0"},
				"west": {"uv": [0, 0, 0.5, 0.5], "texture": "#0"},
				"up": {"uv": [0, 0, 0.5, 0.5], "texture": "#0"},
				"down": {"uv": [0, 0, 0.5, 0.5], "texture": "#0"}
			}
		},
		{
			"from": [-2, 19, 7],
			"to": [1, 22, 12],
			"faces": {
				"north": {"uv": [0, 0, 0.75, 0.75], "texture": "#0"},
				"east": {"uv": [0, 0, 1.25, 0.75], "texture": "#0"},
				"south": {"uv": [0, 0, 0.75, 0.75], "texture": "#0"},
				"west": {"uv": [0, 0, 1.25, 0.75], "texture": "#0"},
				"up": {"uv": [0, 0, 0.75, 1.25], "texture": "#0"},
				"down": {"uv": [0, 0, 0.75, 1.25], "texture": "#0"}
			}
		},
		{
			"from": [-1, 22, 14],
			"to": [2, 25, 19],
			"faces": {
				"north": {"uv": [0, 0, 0.75, 0.75], "texture": "#0"},
				"east": {"uv": [0, 0, 1.25, 0.75], "texture": "#0"},
				"south": {"uv": [0, 0, 0.75, 0.75], "texture": "#0"},
				"west": {"uv": [0, 0, 1.25, 0.75], "texture": "#0"},
				"up": {"uv": [0, 0, 0.75, 1.25], "texture": "#0"},
				"down": {"uv": [0, 0, 0.75, 1.25], "texture": "#0"}
			}
		},
		{
			"from": [2, 26, 18],
			"to": [4, 29, 21],
			"faces": {
				"north": {"uv": [0, 0, 0.5, 0.75], "texture": "#0"},
				"east": {"uv": [0, 0, 0.75, 0.75], "texture": "#0"},
				"south": {"uv": [0, 0, 0.5, 0.75], "texture": "#0"},
				"west": {"uv": [0, 0, 0.75, 0.75], "texture": "#0"},
				"up": {"uv": [0, 0, 0.5, 0.75], "texture": "#0"},
				"down": {"uv": [0, 0, 0.5, 0.75], "texture": "#0"}
			}
		},
		{
			"from": [3, 28, 21],
			"to": [5, 30, 24],
			"faces": {
				"north": {"uv": [0, 0, 0.5, 0.5], "texture": "#0"},
				"east": {"uv": [0, 0, 0.75, 0.5], "texture": "#0"},
				"south": {"uv": [0, 0, 0.5, 0.5], "texture": "#0"},
				"west": {"uv": [0, 0, 0.75, 0.5], "texture": "#0"},
				"up": {"uv": [0, 0, 0.5, 0.75], "texture": "#0"},
				"down": {"uv": [0, 0, 0.5, 0.75], "texture": "#0"}
			}
		},
		{
			"from": [-1, 11, 4],
			"to": [1, 13, 8],
			"faces": {
				"north": {"uv": [0, 0, 0.5, 0.5], "texture": "#0"},
				"east": {"uv": [0, 0, 1, 0.5], "texture": "#0"},
				"south": {"uv": [0, 0, 0.5, 0.5], "texture": "#0"},
				"west": {"uv": [0, 0, 1, 0.5], "texture": "#0"},
				"up": {"uv": [0, 0, 0.5, 1], "texture": "#0"},
				"down": {"uv": [0, 0, 0.5, 1], "texture": "#0"}
			}
		},
		{
			"from": [-1, 10, 4],
			"to": [0, 11, 8],
			"faces": {
				"north": {"uv": [0, 0, 0.25, 0.25], "texture": "#0"},
				"east": {"uv": [0, 0, 1, 0.25], "texture": "#0"},
				"south": {"uv": [0, 0, 0.25, 0.25], "texture": "#0"},
				"west": {"uv": [0, 0, 1, 0.25], "texture": "#0"},
				"up": {"uv": [0, 0, 0.25, 1], "texture": "#0"},
				"down": {"uv": [0, 0, 0.25, 1], "texture": "#0"}
			}
		},
		{
			"from": [13, 13, 4],
			"to": [17, 15, 8],
			"rotation": {"angle": 0, "axis": "y", "origin": [16, 0, 0]},
			"faces": {
				"north": {"uv": [1, 0, 0, 0.5], "texture": "#0"},
				"east": {"uv": [1, 0, 0, 0.5], "texture": "#0"},
				"south": {"uv": [1, 0, 0, 0.5], "texture": "#0"},
				"west": {"uv": [1, 0, 0, 0.5], "texture": "#0"},
				"up": {"uv": [1, 0, 0, 1], "texture": "#0"},
				"down": {"uv": [1, 0, 0, 1], "texture": "#0"}
			}
		},
		{
			"from": [13, 15, 5],
			"to": [17, 18, 10],
			"rotation": {"angle": 0, "axis": "y", "origin": [16, 0, 0]},
			"faces": {
				"north": {"uv": [1, 0, 0, 0.75], "texture": "#0"},
				"east": {"uv": [1.25, 0, 0, 0.75], "texture": "#0"},
				"south": {"uv": [1, 0, 0, 0.75], "texture": "#0"},
				"west": {"uv": [1.25, 0, 0, 0.75], "texture": "#0"},
				"up": {"uv": [1, 0, 0, 1.25], "texture": "#0"},
				"down": {"uv": [1, 0, 0, 1.25], "texture": "#0"}
			}
		},
		{
			"from": [14, 18, 6],
			"to": [15, 21, 10],
			"rotation": {"angle": 0, "axis": "y", "origin": [16, 0, 0]},
			"faces": {
				"north": {"uv": [0.25, 0, 0, 0.75], "texture": "#0"},
				"east": {"uv": [1, 0, 0, 0.75], "texture": "#0"},
				"south": {"uv": [0.25, 0, 0, 0.75], "texture": "#0"},
				"west": {"uv": [1, 0, 0, 0.75], "texture": "#0"},
				"up": {"uv": [0.25, 0, 0, 1], "texture": "#0"},
				"down": {"uv": [0.25, 0, 0, 1], "texture": "#0"}
			}
		},
		{
			"from": [14, 20, 13],
			"to": [15, 22, 17],
			"rotation": {"angle": 0, "axis": "y", "origin": [16, 0, 0]},
			"faces": {
				"north": {"uv": [0.25, 0, 0, 0.5], "texture": "#0"},
				"east": {"uv": [1, 0, 0, 0.5], "texture": "#0"},
				"south": {"uv": [0.25, 0, 0, 0.5], "texture": "#0"},
				"west": {"uv": [1, 0, 0, 0.5], "texture": "#0"},
				"up": {"uv": [0.25, 0, 0, 1], "texture": "#0"},
				"down": {"uv": [0.25, 0, 0, 1], "texture": "#0"}
			}
		},
		{
			"from": [12, 25, 18],
			"to": [13, 26, 21],
			"rotation": {"angle": 0, "axis": "y", "origin": [16, 0, 0]},
			"faces": {
				"north": {"uv": [0.25, 0, 0, 0.25], "texture": "#0"},
				"east": {"uv": [0.75, 0, 0, 0.25], "texture": "#0"},
				"south": {"uv": [0.25, 0, 0, 0.25], "texture": "#0"},
				"west": {"uv": [0.75, 0, 0, 0.25], "texture": "#0"},
				"up": {"uv": [0.25, 0, 0, 0.75], "texture": "#0"},
				"down": {"uv": [0.25, 0, 0, 0.75], "texture": "#0"}
			}
		},
		{
			"from": [17, 20, 12],
			"to": [18, 22, 17],
			"rotation": {"angle": 0, "axis": "y", "origin": [16, 0, 0]},
			"faces": {
				"north": {"uv": [0.25, 0, 0, 0.5], "texture": "#0"},
				"east": {"uv": [1.25, 0, 0, 0.5], "texture": "#0"},
				"south": {"uv": [0.25, 0, 0, 0.5], "texture": "#0"},
				"west": {"uv": [1.25, 0, 0, 0.5], "texture": "#0"},
				"up": {"uv": [0.25, 0, 0, 1.25], "texture": "#0"},
				"down": {"uv": [0.25, 0, 0, 1.25], "texture": "#0"}
			}
		},
		{
			"from": [15, 18, 6],
			"to": [17, 21, 7],
			"rotation": {"angle": 0, "axis": "y", "origin": [16, 0, 0]},
			"faces": {
				"north": {"uv": [0.5, 0, 0, 0.75], "texture": "#0"},
				"east": {"uv": [0.25, 0, 0, 0.75], "texture": "#0"},
				"south": {"uv": [0.5, 0, 0, 0.75], "texture": "#0"},
				"west": {"uv": [0.25, 0, 0, 0.75], "texture": "#0"},
				"up": {"uv": [0.5, 0, 0, 0.25], "texture": "#0"},
				"down": {"uv": [0.5, 0, 0, 0.25], "texture": "#0"}
			}
		},
		{
			"from": [16, 16, 7],
			"to": [18, 19, 11],
			"rotation": {"angle": 0, "axis": "y", "origin": [16, 0, 0]},
			"faces": {
				"north": {"uv": [0.5, 0, 0, 0.75], "texture": "#0"},
				"east": {"uv": [1, 0, 0, 0.75], "texture": "#0"},
				"south": {"uv": [0.5, 0, 0, 0.75], "texture": "#0"},
				"west": {"uv": [1, 0, 0, 0.75], "texture": "#0"},
				"up": {"uv": [0.5, 0, 0, 1], "texture": "#0"},
				"down": {"uv": [0.5, 0, 0, 1], "texture": "#0"}
			}
		},
		{
			"from": [14, 26, 18],
			"to": [15, 28, 22],
			"rotation": {"angle": 0, "axis": "y", "origin": [16, 0, 0]},
			"faces": {
				"north": {"uv": [0.25, 0, 0, 0.5], "texture": "#0"},
				"east": {"uv": [1, 0, 0, 0.5], "texture": "#0"},
				"south": {"uv": [0.25, 0, 0, 0.5], "texture": "#0"},
				"west": {"uv": [1, 0, 0, 0.5], "texture": "#0"},
				"up": {"uv": [0.25, 0, 0, 1], "texture": "#0"},
				"down": {"uv": [0.25, 0, 0, 1], "texture": "#0"}
			}
		},
		{
			"from": [15, 25, 16],
			"to": [16, 27, 20],
			"rotation": {"angle": 0, "axis": "y", "origin": [16, 0, 0]},
			"faces": {
				"north": {"uv": [0.25, 0, 0, 0.5], "texture": "#0"},
				"east": {"uv": [1, 0, 0, 0.5], "texture": "#0"},
				"south": {"uv": [0.25, 0, 0, 0.5], "texture": "#0"},
				"west": {"uv": [1, 0, 0, 0.5], "texture": "#0"},
				"up": {"uv": [0.25, 0, 0, 1], "texture": "#0"},
				"down": {"uv": [0.25, 0, 0, 1], "texture": "#0"}
			}
		},
		{
			"from": [14, 16, 10],
			"to": [16, 19, 12],
			"rotation": {"angle": 0, "axis": "y", "origin": [16, 0, 0]},
			"faces": {
				"north": {"uv": [0.5, 0, 0, 0.75], "texture": "#0"},
				"east": {"uv": [0.5, 0, 0, 0.75], "texture": "#0"},
				"south": {"uv": [0.5, 0, 0, 0.75], "texture": "#0"},
				"west": {"uv": [0.5, 0, 0, 0.75], "texture": "#0"},
				"up": {"uv": [0.5, 0, 0, 0.5], "texture": "#0"},
				"down": {"uv": [0.5, 0, 0, 0.5], "texture": "#0"}
			}
		},
		{
			"from": [15, 22, 13],
			"to": [17, 24, 14],
			"rotation": {"angle": 0, "axis": "y", "origin": [16, 0, 0]},
			"faces": {
				"north": {"uv": [0.5, 0, 0, 0.5], "texture": "#0"},
				"east": {"uv": [0.25, 0, 0, 0.5], "texture": "#0"},
				"south": {"uv": [0.5, 0, 0, 0.5], "texture": "#0"},
				"west": {"uv": [0.25, 0, 0, 0.5], "texture": "#0"},
				"up": {"uv": [0.5, 0, 0, 0.25], "texture": "#0"},
				"down": {"uv": [0.5, 0, 0, 0.25], "texture": "#0"}
			}
		},
		{
			"from": [13, 25, 16],
			"to": [15, 27, 17],
			"rotation": {"angle": 0, "axis": "y", "origin": [16, 0, 0]},
			"faces": {
				"north": {"uv": [0.5, 0, 0, 0.5], "texture": "#0"},
				"east": {"uv": [0.25, 0, 0, 0.5], "texture": "#0"},
				"south": {"uv": [0.5, 0, 0, 0.5], "texture": "#0"},
				"west": {"uv": [0.25, 0, 0, 0.5], "texture": "#0"},
				"up": {"uv": [0.5, 0, 0, 0.25], "texture": "#0"},
				"down": {"uv": [0.5, 0, 0, 0.25], "texture": "#0"}
			}
		},
		{
			"from": [13, 24, 18],
			"to": [14, 25, 19],
			"rotation": {"angle": 0, "axis": "y", "origin": [16, 0, 0]},
			"faces": {
				"north": {"uv": [0.25, 0, 0, 0.25], "texture": "#0"},
				"east": {"uv": [0.25, 0, 0, 0.25], "texture": "#0"},
				"south": {"uv": [0.25, 0, 0, 0.25], "texture": "#0"},
				"west": {"uv": [0.25, 0, 0, 0.25], "texture": "#0"},
				"up": {"uv": [0.25, 0, 0, 0.25], "texture": "#0"},
				"down": {"uv": [0.25, 0, 0, 0.25], "texture": "#0"}
			}
		},
		{
			"from": [13, 25, 17],
			"to": [15, 28, 18],
			"rotation": {"angle": 0, "axis": "y", "origin": [16, 0, 0]},
			"faces": {
				"north": {"uv": [0.5, 0, 0, 0.75], "texture": "#0"},
				"east": {"uv": [0.25, 0, 0, 0.75], "texture": "#0"},
				"south": {"uv": [0.5, 0, 0, 0.75], "texture": "#0"},
				"west": {"uv": [0.25, 0, 0, 0.75], "texture": "#0"},
				"up": {"uv": [0.5, 0, 0, 0.25], "texture": "#0"},
				"down": {"uv": [0.5, 0, 0, 0.25], "texture": "#0"}
			}
		},
		{
			"from": [15, 22, 10],
			"to": [17, 23, 13],
			"rotation": {"angle": 0, "axis": "y", "origin": [16, 0, 0]},
			"faces": {
				"north": {"uv": [0.5, 0, 0, 0.25], "texture": "#0"},
				"east": {"uv": [0.75, 0, 0, 0.25], "texture": "#0"},
				"south": {"uv": [0.5, 0, 0, 0.25], "texture": "#0"},
				"west": {"uv": [0.75, 0, 0, 0.25], "texture": "#0"},
				"up": {"uv": [0.5, 0, 0, 0.75], "texture": "#0"},
				"down": {"uv": [0.5, 0, 0, 0.75], "texture": "#0"}
			}
		},
		{
			"from": [15, 19, 12],
			"to": [17, 22, 15],
			"rotation": {"angle": 0, "axis": "y", "origin": [16, 0, 0]},
			"faces": {
				"north": {"uv": [0.5, 0, 0, 0.75], "texture": "#0"},
				"east": {"uv": [0.75, 0, 0, 0.75], "texture": "#0"},
				"south": {"uv": [0.5, 0, 0, 0.75], "texture": "#0"},
				"west": {"uv": [0.75, 0, 0, 0.75], "texture": "#0"},
				"up": {"uv": [0.5, 0, 0, 0.75], "texture": "#0"},
				"down": {"uv": [0.5, 0, 0, 0.75], "texture": "#0"}
			}
		},
		{
			"from": [13, 24, 19],
			"to": [15, 26, 21],
			"rotation": {"angle": 0, "axis": "y", "origin": [16, 0, 0]},
			"faces": {
				"north": {"uv": [0.5, 0, 0, 0.5], "texture": "#0"},
				"east": {"uv": [0.5, 0, 0, 0.5], "texture": "#0"},
				"south": {"uv": [0.5, 0, 0, 0.5], "texture": "#0"},
				"west": {"uv": [0.5, 0, 0, 0.5], "texture": "#0"},
				"up": {"uv": [0.5, 0, 0, 0.5], "texture": "#0"},
				"down": {"uv": [0.5, 0, 0, 0.5], "texture": "#0"}
			}
		},
		{
			"from": [15, 20, 15],
			"to": [17, 22, 17],
			"rotation": {"angle": 0, "axis": "y", "origin": [16, 0, 0]},
			"faces": {
				"north": {"uv": [0.5, 0, 0, 0.5], "texture": "#0"},
				"east": {"uv": [0.5, 0, 0, 0.5], "texture": "#0"},
				"south": {"uv": [0.5, 0, 0, 0.5], "texture": "#0"},
				"west": {"uv": [0.5, 0, 0, 0.5], "texture": "#0"},
				"up": {"uv": [0.5, 0, 0, 0.5], "texture": "#0"},
				"down": {"uv": [0.5, 0, 0, 0.5], "texture": "#0"}
			}
		},
		{
			"from": [15, 18, 11],
			"to": [17, 19, 13],
			"rotation": {"angle": 0, "axis": "y", "origin": [16, 0, 0]},
			"faces": {
				"north": {"uv": [0.5, 0, 0, 0.25], "texture": "#0"},
				"east": {"uv": [0.5, 0, 0, 0.25], "texture": "#0"},
				"south": {"uv": [0.5, 0, 0, 0.25], "texture": "#0"},
				"west": {"uv": [0.5, 0, 0, 0.25], "texture": "#0"},
				"up": {"uv": [0.5, 0, 0, 0.5], "texture": "#0"},
				"down": {"uv": [0.5, 0, 0, 0.5], "texture": "#0"}
			}
		},
		{
			"from": [12, 26, 21],
			"to": [14, 28, 23],
			"rotation": {"angle": 0, "axis": "y", "origin": [16, 0, 0]},
			"faces": {
				"north": {"uv": [0.5, 0, 0, 0.5], "texture": "#0"},
				"east": {"uv": [0.5, 0, 0, 0.5], "texture": "#0"},
				"south": {"uv": [0.5, 0, 0, 0.5], "texture": "#0"},
				"west": {"uv": [0.5, 0, 0, 0.5], "texture": "#0"},
				"up": {"uv": [0.5, 0, 0, 0.5], "texture": "#0"},
				"down": {"uv": [0.5, 0, 0, 0.5], "texture": "#0"}
			}
		},
		{
			"from": [15, 19, 7],
			"to": [18, 22, 12],
			"rotation": {"angle": 0, "axis": "y", "origin": [16, 0, 0]},
			"faces": {
				"north": {"uv": [0.75, 0, 0, 0.75], "texture": "#0"},
				"east": {"uv": [1.25, 0, 0, 0.75], "texture": "#0"},
				"south": {"uv": [0.75, 0, 0, 0.75], "texture": "#0"},
				"west": {"uv": [1.25, 0, 0, 0.75], "texture": "#0"},
				"up": {"uv": [0.75, 0, 0, 1.25], "texture": "#0"},
				"down": {"uv": [0.75, 0, 0, 1.25], "texture": "#0"}
			}
		},
		{
			"from": [14, 22, 14],
			"to": [17, 25, 19],
			"rotation": {"angle": 0, "axis": "y", "origin": [16, 0, 0]},
			"faces": {
				"north": {"uv": [0.75, 0, 0, 0.75], "texture": "#0"},
				"east": {"uv": [1.25, 0, 0, 0.75], "texture": "#0"},
				"south": {"uv": [0.75, 0, 0, 0.75], "texture": "#0"},
				"west": {"uv": [1.25, 0, 0, 0.75], "texture": "#0"},
				"up": {"uv": [0.75, 0, 0, 1.25], "texture": "#0"},
				"down": {"uv": [0.75, 0, 0, 1.25], "texture": "#0"}
			}
		},
		{
			"from": [12, 26, 18],
			"to": [14, 29, 21],
			"rotation": {"angle": 0, "axis": "y", "origin": [16, 0, 0]},
			"faces": {
				"north": {"uv": [0.5, 0, 0, 0.75], "texture": "#0"},
				"east": {"uv": [0.75, 0, 0, 0.75], "texture": "#0"},
				"south": {"uv": [0.5, 0, 0, 0.75], "texture": "#0"},
				"west": {"uv": [0.75, 0, 0, 0.75], "texture": "#0"},
				"up": {"uv": [0.5, 0, 0, 0.75], "texture": "#0"},
				"down": {"uv": [0.5, 0, 0, 0.75], "texture": "#0"}
			}
		},
		{
			"from": [11, 28, 21],
			"to": [13, 30, 24],
			"rotation": {"angle": 0, "axis": "y", "origin": [16, 0, 0]},
			"faces": {
				"north": {"uv": [0.5, 0, 0, 0.5], "texture": "#0"},
				"east": {"uv": [0.75, 0, 0, 0.5], "texture": "#0"},
				"south": {"uv": [0.5, 0, 0, 0.5], "texture": "#0"},
				"west": {"uv": [0.75, 0, 0, 0.5], "texture": "#0"},
				"up": {"uv": [0.5, 0, 0, 0.75], "texture": "#0"},
				"down": {"uv": [0.5, 0, 0, 0.75], "texture": "#0"}
			}
		},
		{
			"from": [15, 11, 4],
			"to": [17, 13, 8],
			"rotation": {"angle": 0, "axis": "y", "origin": [16, 0, 0]},
			"faces": {
				"north": {"uv": [0.5, 0, 0, 0.5], "texture": "#0"},
				"east": {"uv": [1, 0, 0, 0.5], "texture": "#0"},
				"south": {"uv": [0.5, 0, 0, 0.5], "texture": "#0"},
				"west": {"uv": [1, 0, 0, 0.5], "texture": "#0"},
				"up": {"uv": [0.5, 0, 0, 1], "texture": "#0"},
				"down": {"uv": [0.5, 0, 0, 1], "texture": "#0"}
			}
		},
		{
			"from": [16, 10, 4],
			"to": [17, 11, 8],
			"rotation": {"angle": 0, "axis": "y", "origin": [16, 0, 0]},
			"faces": {
				"north": {"uv": [0.25, 0, 0, 0.25], "texture": "#0"},
				"east": {"uv": [1, 0, 0, 0.25], "texture": "#0"},
				"south": {"uv": [0.25, 0, 0, 0.25], "texture": "#0"},
				"west": {"uv": [1, 0, 0, 0.25], "texture": "#0"},
				"up": {"uv": [0.25, 0, 0, 1], "texture": "#0"},
				"down": {"uv": [0.25, 0, 0, 1], "texture": "#0"}
			}
		},
		{
			"from": [1, 11, 2],
			"to": [15, 13, 14],
			"rotation": {"angle": 0, "axis": "y", "origin": [3, 0, 0]},
			"faces": {
				"north": {"uv": [8.5, 5.75, 12, 6.25], "texture": "#0"},
				"east": {"uv": [8.5, 7.75, 11.5, 8.25], "texture": "#0"},
				"south": {"uv": [8.5, 6.25, 12, 6.75], "texture": "#0"},
				"west": {"uv": [8.5, 8.25, 11.5, 8.75], "texture": "#0"},
				"up": {"uv": [7, 3, 3.5, 0], "texture": "#0"},
				"down": {"uv": [7, 3, 3.5, 6], "texture": "#0"}
			}
		},
		{
			"from": [3, 13, 2],
			"to": [13, 15, 14],
			"rotation": {"angle": 0, "axis": "y", "origin": [3, 0, 0]},
			"faces": {
				"north": {"uv": [3.25, 9.5, 5.75, 10], "texture": "#0"},
				"east": {"uv": [8.5, 8.75, 11.5, 9.25], "texture": "#0"},
				"south": {"uv": [9.75, 0, 12.25, 0.5], "texture": "#0"},
				"west": {"uv": [3.25, 9, 6.25, 9.5], "texture": "#0"},
				"up": {"uv": [6, 9, 3.5, 6], "texture": "#0"},
				"down": {"uv": [8.5, 6, 6, 9], "texture": "#0"}
			}
		},
		{
			"from": [5, 8, 0],
			"to": [11, 14, 2],
			"rotation": {"angle": 0, "axis": "y", "origin": [3, 0, 0]},
			"faces": {
				"north": {"uv": [7, 4.25, 8.5, 5.75], "texture": "#0"},
				"east": {"uv": [7.25, 10.75, 7.75, 12.25], "texture": "#0"},
				"south": {"uv": [0, 8.25, 1.5, 9.75], "texture": "#0"},
				"west": {"uv": [7.75, 10.75, 8.25, 12.25], "texture": "#0"},
				"up": {"uv": [11.25, 4.25, 9.75, 3.75], "texture": "#0"},
				"down": {"uv": [12.25, 9.75, 10.75, 10.25], "texture": "#0"}
			}
		},
		{
			"from": [3, -2, -1],
			"to": [13, 1, 1],
			"rotation": {"angle": 0, "axis": "y", "origin": [3, 0, 0]},
			"faces": {
				"north": {"uv": [8.5, 4.25, 11, 5], "texture": "#0"},
				"east": {"uv": [2.25, 12.75, 2.75, 13.5], "texture": "#0"},
				"south": {"uv": [8.5, 5, 11, 5.75], "texture": "#0"},
				"west": {"uv": [4.25, 12.75, 4.75, 13.5], "texture": "#0"},
				"up": {"uv": [12.25, 1, 9.75, 0.5], "texture": "#0"},
				"down": {"uv": [12.25, 1, 9.75, 1.5], "texture": "#0"}
			}
		},
		{
			"from": [5, -4, -1],
			"to": [11, -2, 1],
			"rotation": {"angle": 0, "axis": "y", "origin": [3, 0, 0]},
			"faces": {
				"north": {"uv": [10.75, 10.25, 12.25, 10.75], "texture": "#0"},
				"east": {"uv": [4.25, 13.5, 4.75, 14], "texture": "#0"},
				"south": {"uv": [10.75, 10.75, 12.25, 11.25], "texture": "#0"},
				"west": {"uv": [13.5, 4.5, 14, 5], "texture": "#0"},
				"up": {"uv": [12.5, 4.75, 11, 4.25], "texture": "#0"},
				"down": {"uv": [12.5, 4.75, 11, 5.25], "texture": "#0"}
			}
		},
		{
			"from": [5, 1, 0],
			"to": [11, 3, 1],
			"rotation": {"angle": 0, "axis": "y", "origin": [3, 0, 0]},
			"faces": {
				"north": {"uv": [11, 5.25, 12.5, 5.75], "texture": "#0"},
				"east": {"uv": [13, 14, 13.25, 14.5], "texture": "#0"},
				"south": {"uv": [11.25, 3.75, 12.75, 4.25], "texture": "#0"},
				"west": {"uv": [13.25, 14, 13.5, 14.5], "texture": "#0"},
				"up": {"uv": [8.5, 6, 7, 5.75], "texture": "#0"},
				"down": {"uv": [7.75, 9, 6.25, 9.25], "texture": "#0"}
			}
		},
		{
			"from": [1, 0, 14],
			"to": [15, 13, 16],
			"rotation": {"angle": 0, "axis": "y", "origin": [3, 0, 0]},
			"faces": {
				"north": {"uv": [0, 0, 3.5, 3.25], "texture": "#0"},
				"east": {"uv": [2.75, 6.5, 3.25, 9.75], "texture": "#0"},
				"south": {"uv": [0, 3.25, 3.5, 6.5], "texture": "#0"},
				"west": {"uv": [1.5, 8.25, 2, 11.5], "texture": "#0"},
				"up": {"uv": [12, 7.25, 8.5, 6.75], "texture": "#0"},
				"down": {"uv": [12, 7.25, 8.5, 7.75], "texture": "#0"}
			}
		},
		{
			"from": [11, 9, 0],
			"to": [16, 11, 2],
			"rotation": {"angle": 0, "axis": "y", "origin": [3, 0, 0]},
			"faces": {
				"north": {"uv": [11.5, 7.75, 12.75, 8.25], "texture": "#0"},
				"east": {"uv": [13.5, 1, 14, 1.5], "texture": "#0"},
				"south": {"uv": [11.5, 8.25, 12.75, 8.75], "texture": "#0"},
				"west": {"uv": [13.5, 1.5, 14, 2], "texture": "#0"},
				"up": {"uv": [12.75, 9.25, 11.5, 8.75], "texture": "#0"},
				"down": {"uv": [13, 2.75, 11.75, 3.25], "texture": "#0"}
			}
		},
		{
			"from": [0, 9, 0],
			"to": [5, 11, 2],
			"rotation": {"angle": 0, "axis": "y", "origin": [13, 0, 0]},
			"faces": {
				"north": {"uv": [12.75, 7.75, 11.5, 8.25], "texture": "#0"},
				"east": {"uv": [14, 1.5, 13.5, 2], "texture": "#0"},
				"south": {"uv": [12.75, 8.25, 11.5, 8.75], "texture": "#0"},
				"west": {"uv": [14, 1, 13.5, 1.5], "texture": "#0"},
				"up": {"uv": [11.5, 9.25, 12.75, 8.75], "texture": "#0"},
				"down": {"uv": [11.75, 2.75, 13, 3.25], "texture": "#0"}
			}
		},
		{
			"from": [3, 11, 0],
			"to": [5, 13, 2],
			"rotation": {"angle": 0, "axis": "y", "origin": [3, 0, 0]},
			"faces": {
				"north": {"uv": [12.75, 11.75, 13.25, 12.25], "texture": "#0"},
				"east": {"uv": [12.75, 12.25, 13.25, 12.75], "texture": "#0"},
				"south": {"uv": [12.75, 12.75, 13.25, 13.25], "texture": "#0"},
				"west": {"uv": [13, 2, 13.5, 2.5], "texture": "#0"},
				"up": {"uv": [13.5, 3, 13, 2.5], "texture": "#0"},
				"down": {"uv": [13.5, 3, 13, 3.5], "texture": "#0"}
			}
		},
		{
			"from": [11, 11, 0],
			"to": [13, 13, 2],
			"rotation": {"angle": 0, "axis": "y", "origin": [13, 0, 0]},
			"faces": {
				"north": {"uv": [13.25, 11.75, 12.75, 12.25], "texture": "#0"},
				"east": {"uv": [13.5, 2, 13, 2.5], "texture": "#0"},
				"south": {"uv": [13.25, 12.75, 12.75, 13.25], "texture": "#0"},
				"west": {"uv": [13.25, 12.25, 12.75, 12.75], "texture": "#0"},
				"up": {"uv": [13, 3, 13.5, 2.5], "texture": "#0"},
				"down": {"uv": [13, 3, 13.5, 3.5], "texture": "#0"}
			}
		},
		{
			"from": [6, 6, 0],
			"to": [10, 8, 2],
			"rotation": {"angle": 0, "axis": "y", "origin": [3, 0, 0]},
			"faces": {
				"north": {"uv": [12, 2.25, 13, 2.75], "texture": "#0"},
				"east": {"uv": [4.75, 11.5, 5.25, 12], "texture": "#0"},
				"south": {"uv": [12, 7.25, 13, 7.75], "texture": "#0"},
				"west": {"uv": [13.25, 5.75, 13.75, 6.25], "texture": "#0"},
				"up": {"uv": [11.5, 12.5, 10.5, 12], "texture": "#0"},
				"down": {"uv": [12.5, 12, 11.5, 12.5], "texture": "#0"}
			}
		},
		{
			"from": [-1, 4, 0],
			"to": [2, 9, 2],
			"rotation": {"angle": 0, "axis": "y", "origin": [3, 0, 0]},
			"faces": {
				"north": {"uv": [2.75, 6.5, 3.5, 7.75], "texture": "#0"},
				"east": {"uv": [5.5, 11.75, 6, 13], "texture": "#0"},
				"south": {"uv": [2.75, 7.75, 3.5, 9], "texture": "#0"},
				"west": {"uv": [6, 11.75, 6.5, 13], "texture": "#0"},
				"up": {"uv": [13.25, 10, 12.5, 9.5], "texture": "#0"},
				"down": {"uv": [5.25, 12.75, 4.5, 13.25], "texture": "#0"}
			}
		},
		{
			"from": [14, 4, 0],
			"to": [17, 9, 2],
			"rotation": {"angle": 0, "axis": "y", "origin": [13, 0, 0]},
			"faces": {
				"north": {"uv": [3.5, 6.5, 2.75, 7.75], "texture": "#0"},
				"east": {"uv": [6.5, 11.75, 6, 13], "texture": "#0"},
				"south": {"uv": [3.5, 7.75, 2.75, 9], "texture": "#0"},
				"west": {"uv": [6, 11.75, 5.5, 13], "texture": "#0"},
				"up": {"uv": [12.5, 10, 13.25, 9.5], "texture": "#0"},
				"down": {"uv": [4.5, 12.75, 5.25, 13.25], "texture": "#0"}
			}
		},
		{
			"from": [14, 4, 2],
			"to": [16, 11, 3],
			"rotation": {"angle": 0, "axis": "y", "origin": [3, 0, 0]},
			"faces": {
				"north": {"uv": [1, 9.75, 1.5, 11.5], "texture": "#0"},
				"east": {"uv": [0.5, 12.5, 0.75, 14.25], "texture": "#0"},
				"south": {"uv": [6.75, 10.75, 7.25, 12.5], "texture": "#0"},
				"west": {"uv": [8.75, 12.5, 9, 14.25], "texture": "#0"},
				"up": {"uv": [14.5, 12, 14, 11.75], "texture": "#0"},
				"down": {"uv": [14.5, 12, 14, 12.25], "texture": "#0"}
			}
		},
		{
			"from": [0, 4, 2],
			"to": [2, 11, 3],
			"rotation": {"angle": 0, "axis": "y", "origin": [13, 0, 0]},
			"faces": {
				"north": {"uv": [1.5, 9.75, 1, 11.5], "texture": "#0"},
				"east": {"uv": [9, 12.5, 8.75, 14.25], "texture": "#0"},
				"south": {"uv": [7.25, 10.75, 6.75, 12.5], "texture": "#0"},
				"west": {"uv": [0.75, 12.5, 0.5, 14.25], "texture": "#0"},
				"up": {"uv": [14, 12, 14.5, 11.75], "texture": "#0"},
				"down": {"uv": [14, 12, 14.5, 12.25], "texture": "#0"}
			}
		},
		{
			"from": [14, 4, 3],
			"to": [15, 9, 14],
			"rotation": {"angle": 0, "axis": "y", "origin": [3, 0, 0]},
			"faces": {
				"north": {"uv": [13.25, 0, 13.5, 1.25], "texture": "#0"},
				"east": {"uv": [7, 1.75, 9.75, 3], "texture": "#0"},
				"south": {"uv": [1.5, 13.25, 1.75, 14.5], "texture": "#0"},
				"west": {"uv": [7, 3, 9.75, 4.25], "texture": "#0"},
				"up": {"uv": [3, 14.25, 2.75, 11.5], "texture": "#0"},
				"down": {"uv": [3.25, 11.5, 3, 14.25], "texture": "#0"}
			}
		},
		{
			"from": [1, 4, 3],
			"to": [2, 9, 14],
			"rotation": {"angle": 0, "axis": "y", "origin": [13, 0, 0]},
			"faces": {
				"north": {"uv": [13.5, 0, 13.25, 1.25], "texture": "#0"},
				"east": {"uv": [9.75, 3, 7, 4.25], "texture": "#0"},
				"south": {"uv": [1.75, 13.25, 1.5, 14.5], "texture": "#0"},
				"west": {"uv": [9.75, 1.75, 7, 3], "texture": "#0"},
				"up": {"uv": [2.75, 14.25, 3, 11.5], "texture": "#0"},
				"down": {"uv": [3, 11.5, 3.25, 14.25], "texture": "#0"}
			}
		},
		{
			"from": [0, 4, 3],
			"to": [1, 11, 14],
			"rotation": {"angle": 0, "axis": "y", "origin": [3, 0, 0]},
			"faces": {
				"north": {"uv": [1.25, 12.75, 1.5, 14.5], "texture": "#0"},
				"east": {"uv": [0, 6.5, 2.75, 8.25], "texture": "#0"},
				"south": {"uv": [1.5, 12.75, 1.75, 14.5], "texture": "#0"},
				"west": {"uv": [7, 0, 9.75, 1.75], "texture": "#0"},
				"up": {"uv": [8.25, 14, 8, 11.25], "texture": "#0"},
				"down": {"uv": [8.5, 11.25, 8.25, 14], "texture": "#0"}
			}
		},
		{
			"from": [15, 4, 3],
			"to": [16, 11, 14],
			"rotation": {"angle": 0, "axis": "y", "origin": [13, 0, 0]},
			"faces": {
				"north": {"uv": [1.5, 12.75, 1.25, 14.5], "texture": "#0"},
				"east": {"uv": [9.75, 0, 7, 1.75], "texture": "#0"},
				"south": {"uv": [1.75, 12.75, 1.5, 14.5], "texture": "#0"},
				"west": {"uv": [2.75, 6.5, 0, 8.25], "texture": "#0"},
				"up": {"uv": [8, 14, 8.25, 11.25], "texture": "#0"},
				"down": {"uv": [8.25, 11.25, 8.5, 14], "texture": "#0"}
			}
		},
		{
			"from": [15, 2, 10],
			"to": [16, 4, 14],
			"rotation": {"angle": 0, "axis": "y", "origin": [3, 0, 0]},
			"faces": {
				"north": {"uv": [14, 13.25, 14.25, 13.75], "texture": "#0"},
				"east": {"uv": [12.25, 0, 13.25, 0.5], "texture": "#0"},
				"south": {"uv": [14, 13.75, 14.25, 14.25], "texture": "#0"},
				"west": {"uv": [12.25, 0.5, 13.25, 1], "texture": "#0"},
				"up": {"uv": [5, 14.5, 4.75, 13.5], "texture": "#0"},
				"down": {"uv": [5.25, 13.5, 5, 14.5], "texture": "#0"}
			}
		},
		{
			"from": [15, 3, 8],
			"to": [16, 4, 10],
			"rotation": {"angle": 0, "axis": "y", "origin": [3, 0, 0]},
			"faces": {
				"north": {"uv": [9, 11.75, 9.25, 12], "texture": "#0"},
				"east": {"uv": [14.25, 0.75, 14.75, 1], "texture": "#0"},
				"south": {"uv": [12.25, 11.75, 12.5, 12], "texture": "#0"},
				"west": {"uv": [14.25, 1, 14.75, 1.25], "texture": "#0"},
				"up": {"uv": [14.5, 2.75, 14.25, 2.25], "texture": "#0"},
				"down": {"uv": [3, 14.25, 2.75, 14.75], "texture": "#0"}
			}
		},
		{
			"from": [0, 3, 8],
			"to": [1, 4, 10],
			"rotation": {"angle": 0, "axis": "y", "origin": [13, 0, 0]},
			"faces": {
				"north": {"uv": [9.25, 11.75, 9, 12], "texture": "#0"},
				"east": {"uv": [14.75, 1, 14.25, 1.25], "texture": "#0"},
				"south": {"uv": [12.5, 11.75, 12.25, 12], "texture": "#0"},
				"west": {"uv": [14.75, 0.75, 14.25, 1], "texture": "#0"},
				"up": {"uv": [14.25, 2.75, 14.5, 2.25], "texture": "#0"},
				"down": {"uv": [2.75, 14.25, 3, 14.75], "texture": "#0"}
			}
		},
		{
			"from": [0, 2, 10],
			"to": [1, 4, 14],
			"rotation": {"angle": 0, "axis": "y", "origin": [13, 0, 0]},
			"faces": {
				"north": {"uv": [14.25, 13.25, 14, 13.75], "texture": "#0"},
				"east": {"uv": [13.25, 0.5, 12.25, 1], "texture": "#0"},
				"south": {"uv": [14.25, 13.75, 14, 14.25], "texture": "#0"},
				"west": {"uv": [13.25, 0, 12.25, 0.5], "texture": "#0"},
				"up": {"uv": [4.75, 14.5, 5, 13.5], "texture": "#0"},
				"down": {"uv": [5, 13.5, 5.25, 14.5], "texture": "#0"}
			}
		},
		{
			"from": [1, 0, 10],
			"to": [2, 2, 14],
			"rotation": {"angle": 0, "axis": "y", "origin": [3, 0, 0]},
			"faces": {
				"north": {"uv": [6.75, 13.5, 7, 14], "texture": "#0"},
				"east": {"uv": [12.5, 4.5, 13.5, 5], "texture": "#0"},
				"south": {"uv": [13.5, 7, 13.75, 7.5], "texture": "#0"},
				"west": {"uv": [12.5, 6.5, 13.5, 7], "texture": "#0"},
				"up": {"uv": [4.75, 14.25, 4.5, 13.25], "texture": "#0"},
				"down": {"uv": [5, 13.25, 4.75, 14.25], "texture": "#0"}
			}
		},
		{
			"from": [14, 0, 10],
			"to": [15, 2, 14],
			"rotation": {"angle": 0, "axis": "y", "origin": [13, 0, 0]},
			"faces": {
				"north": {"uv": [7, 13.5, 6.75, 14], "texture": "#0"},
				"east": {"uv": [13.5, 6.5, 12.5, 7], "texture": "#0"},
				"south": {"uv": [13.75, 7, 13.5, 7.5], "texture": "#0"},
				"west": {"uv": [13.5, 4.5, 12.5, 5], "texture": "#0"},
				"up": {"uv": [4.5, 14.25, 4.75, 13.25], "texture": "#0"},
				"down": {"uv": [4.75, 13.25, 5, 14.25], "texture": "#0"}
			}
		},
		{
			"from": [1, 2, 6],
			"to": [2, 4, 14],
			"rotation": {"angle": 0, "axis": "y", "origin": [3, 0, 0]},
			"faces": {
				"north": {"uv": [13.5, 8.5, 13.75, 9], "texture": "#0"},
				"east": {"uv": [6, 10.75, 8, 11.25], "texture": "#0"},
				"south": {"uv": [13.5, 9, 13.75, 9.5], "texture": "#0"},
				"west": {"uv": [8, 10.75, 10, 11.25], "texture": "#0"},
				"up": {"uv": [2.25, 14.25, 2, 12.25], "texture": "#0"},
				"down": {"uv": [2.5, 12.25, 2.25, 14.25], "texture": "#0"}
			}
		},
		{
			"from": [14, 2, 6],
			"to": [15, 4, 14],
			"rotation": {"angle": 0, "axis": "y", "origin": [13, 0, 0]},
			"faces": {
				"north": {"uv": [13.75, 8.5, 13.5, 9], "texture": "#0"},
				"east": {"uv": [10, 10.75, 8, 11.25], "texture": "#0"},
				"south": {"uv": [13.75, 9, 13.5, 9.5], "texture": "#0"},
				"west": {"uv": [8, 10.75, 6, 11.25], "texture": "#0"},
				"up": {"uv": [2, 14.25, 2.25, 12.25], "texture": "#0"},
				"down": {"uv": [2.25, 12.25, 2.5, 14.25], "texture": "#0"}
			}
		},
		{
			"from": [14, 9, 3],
			"to": [15, 11, 14],
			"rotation": {"angle": 0, "axis": "y", "origin": [3, 0, 0]},
			"faces": {
				"north": {"uv": [14, 12.25, 14.25, 12.75], "texture": "#0"},
				"east": {"uv": [6.25, 9.25, 9, 9.75], "texture": "#0"},
				"south": {"uv": [12.5, 14, 12.75, 14.5], "texture": "#0"},
				"west": {"uv": [9, 9.25, 11.75, 9.75], "texture": "#0"},
				"up": {"uv": [3.5, 14.25, 3.25, 11.5], "texture": "#0"},
				"down": {"uv": [3.75, 11.5, 3.5, 14.25], "texture": "#0"}
			}
		},
		{
			"from": [1, 9, 3],
			"to": [2, 11, 14],
			"rotation": {"angle": 0, "axis": "y", "origin": [13, 0, 0]},
			"faces": {
				"north": {"uv": [14.25, 12.25, 14, 12.75], "texture": "#0"},
				"east": {"uv": [11.75, 9.25, 9, 9.75], "texture": "#0"},
				"south": {"uv": [12.75, 14, 12.5, 14.5], "texture": "#0"},
				"west": {"uv": [9, 9.25, 6.25, 9.75], "texture": "#0"},
				"up": {"uv": [3.25, 14.25, 3.5, 11.5], "texture": "#0"},
				"down": {"uv": [3.5, 11.5, 3.75, 14.25], "texture": "#0"}
			}
		},
		{
			"from": [14, 2, 0],
			"to": [16, 4, 2],
			"rotation": {"angle": 0, "axis": "y", "origin": [3, 0, 0]},
			"faces": {
				"north": {"uv": [13.25, 6.25, 13.75, 6.75], "texture": "#0"},
				"east": {"uv": [13.25, 6.75, 13.75, 7.25], "texture": "#0"},
				"south": {"uv": [13.25, 7.75, 13.75, 8.25], "texture": "#0"},
				"west": {"uv": [13.25, 8.25, 13.75, 8.75], "texture": "#0"},
				"up": {"uv": [13.75, 9.25, 13.25, 8.75], "texture": "#0"},
				"down": {"uv": [13.75, 9.75, 13.25, 10.25], "texture": "#0"}
			}
		},
		{
			"from": [0, 2, 0],
			"to": [2, 4, 2],
			"rotation": {"angle": 0, "axis": "y", "origin": [13, 0, 0]},
			"faces": {
				"north": {"uv": [13.75, 6.25, 13.25, 6.75], "texture": "#0"},
				"east": {"uv": [13.75, 8.25, 13.25, 8.75], "texture": "#0"},
				"south": {"uv": [13.75, 7.75, 13.25, 8.25], "texture": "#0"},
				"west": {"uv": [13.75, 6.75, 13.25, 7.25], "texture": "#0"},
				"up": {"uv": [13.25, 9.25, 13.75, 8.75], "texture": "#0"},
				"down": {"uv": [13.25, 9.75, 13.75, 10.25], "texture": "#0"}
			}
		},
		{
			"from": [1, 0, 0],
			"to": [3, 2, 2],
			"rotation": {"angle": 0, "axis": "y", "origin": [3, 0, 0]},
			"faces": {
				"north": {"uv": [13, 13.25, 13.5, 13.75], "texture": "#0"},
				"east": {"uv": [13.5, 0, 14, 0.5], "texture": "#0"},
				"south": {"uv": [13.5, 0.5, 14, 1], "texture": "#0"},
				"west": {"uv": [13.5, 1, 14, 1.5], "texture": "#0"},
				"up": {"uv": [14, 2, 13.5, 1.5], "texture": "#0"},
				"down": {"uv": [14, 2, 13.5, 2.5], "texture": "#0"}
			}
		},
		{
			"from": [2, 8, 0],
			"to": [3, 9, 2],
			"rotation": {"angle": 0, "axis": "y", "origin": [3, 0, 0]},
			"faces": {
				"north": {"uv": [13, 8.5, 13.25, 8.75], "texture": "#0"},
				"east": {"uv": [12.75, 9.25, 13.25, 9.5], "texture": "#0"},
				"south": {"uv": [13, 11, 13.25, 11.25], "texture": "#0"},
				"west": {"uv": [13.75, 4.5, 14.25, 4.75], "texture": "#0"},
				"up": {"uv": [14, 5.25, 13.75, 4.75], "texture": "#0"},
				"down": {"uv": [14, 5.25, 13.75, 5.75], "texture": "#0"}
			}
		},
		{
			"from": [13, 8, 0],
			"to": [14, 9, 2],
			"rotation": {"angle": 0, "axis": "y", "origin": [13, 0, 0]},
			"faces": {
				"north": {"uv": [13.25, 8.5, 13, 8.75], "texture": "#0"},
				"east": {"uv": [14.25, 4.5, 13.75, 4.75], "texture": "#0"},
				"south": {"uv": [13.25, 11, 13, 11.25], "texture": "#0"},
				"west": {"uv": [13.25, 9.25, 12.75, 9.5], "texture": "#0"},
				"up": {"uv": [13.75, 5.25, 14, 4.75], "texture": "#0"},
				"down": {"uv": [13.75, 5.25, 14, 5.75], "texture": "#0"}
			}
		},
		{
			"from": [13, 0, 0],
			"to": [15, 2, 2],
			"rotation": {"angle": 0, "axis": "y", "origin": [13, 0, 0]},
			"faces": {
				"north": {"uv": [13.5, 13.25, 13, 13.75], "texture": "#0"},
				"east": {"uv": [14, 1, 13.5, 1.5], "texture": "#0"},
				"south": {"uv": [14, 0.5, 13.5, 1], "texture": "#0"},
				"west": {"uv": [14, 0, 13.5, 0.5], "texture": "#0"},
				"up": {"uv": [13.5, 2, 14, 1.5], "texture": "#0"},
				"down": {"uv": [13.5, 2, 14, 2.5], "texture": "#0"}
			}
		}
	],
	"display": {
		"thirdperson_righthand": {
			"translation": [0, 0, -3.5],
			"scale": [0.5, 0.5, 0.5]
		},
		"thirdperson_lefthand": {
			"translation": [0, 0, -3.5],
			"scale": [0.5, 0.5, 0.5]
		},
		"firstperson_righthand": {
			"scale": [0.5, 0.5, 0.5]
		},
		"firstperson_lefthand": {
			"scale": [0.5, 0.5, 0.5]
		},
		"ground": {
			"scale": [0.5, 0.5, 0.5]
		},
		"head": {
			"translation": [0, 3.5, 0]
		}
	},
	"groups": [
		{
			"name": "spikes",
			"origin": [8, 8, 8],
			"color": 0,
			"children": [0, 1, 2, 3, 4, 5]
		},
		{
			"name": "l horn",
			"origin": [3, 0, 0],
			"color": 0,
			"children": [6, 7, 8, 9, 10, 11, 12, 13, 14, 15, 16, 17, 18, 19, 20, 21, 22, 23, 24, 25, 26, 27, 28, 29, 30, 31, 32]
		},
		{
			"name": "r horn",
			"origin": [13, 0, 0],
			"color": 0,
			"children": [33, 34, 35, 36, 37, 38, 39, 40, 41, 42, 43, 44, 45, 46, 47, 48, 49, 50, 51, 52, 53, 54, 55, 56, 57, 58, 59]
		},
		{
			"name": "helm",
			"origin": [8, 8, 8],
			"color": 0,
			"children": [60, 61, 62, 63, 64, 65, 66, 67, 68, 69, 70, 71, 72, 73, 74, 75, 76, 77, 78, 79, 80, 81, 82, 83, 84, 85, 86, 87, 88, 89, 90, 91, 92, 93, 94, 95]
		}
	]
}