{
    "parent": "item/generated",
    "textures": {
     "layer0": "item/carved_pumpkin"
    },
    
    "overrides": [
     {"predicate": {"custom_model_data":1}, "model": "block/custom/chef"},
     {"predicate": {"custom_model_data":2}, "model": "block/custom/calextest"},
     {"predicate": {"custom_model_data":3}, "model": "block/custom/alchemist"},
     {"predicate": {"custom_model_data":4}, "model": "block/custom/warrior"},
     {"predicate": {"custom_model_data":5}, "model": "block/custom/gasmask"}
    ]
   }